n,changenumber_mean,repetition,changeprop_sd,number_before,proportion_estimates_below_zero,count_estimates_below_zero
10,0.3,1,0.1,0.3,0,0
10,0.3,2,0.1,0.3,0.0085,17
10,0.3,3,0.1,0.3,0.079,158
10,0.3,4,0.1,0.3,0.0015,3
10,0.3,5,0.1,0.3,0,0
10,0.3,6,0.1,0.3,5E-04,1
10,0.3,7,0.1,0.3,5E-04,1
10,0.3,8,0.1,0.3,0.001,2
10,0.3,9,0.1,0.3,0,0
10,0.3,10,0.1,0.3,0,0
10,0.3,1,0.1,0.5,0.0215,43
10,0.3,2,0.1,0.5,0,0
10,0.3,3,0.1,0.5,0,0
10,0.3,4,0.1,0.5,0.006,12
10,0.3,5,0.1,0.5,0.004,8
10,0.3,6,0.1,0.5,0.003,6
10,0.3,7,0.1,0.5,0,0
10,0.3,8,0.1,0.5,0.0025,5
10,0.3,9,0.1,0.5,0.008,16
10,0.3,10,0.1,0.5,0,0
10,0.3,1,0.1,0.7,0.01,20
10,0.3,2,0.1,0.7,0.001,2
10,0.3,3,0.1,0.7,0.0035,7
10,0.3,4,0.1,0.7,0.002,4
10,0.3,5,0.1,0.7,0.001,2
10,0.3,6,0.1,0.7,0.007,14
10,0.3,7,0.1,0.7,0.0375,75
10,0.3,8,0.1,0.7,0.042,84
10,0.3,9,0.1,0.7,0.002,4
10,0.3,10,0.1,0.7,0.0225,45
10,0.25,1,0.1,0.3,0.0035,7
10,0.25,2,0.1,0.3,0.036,72
10,0.25,3,0.1,0.3,0.0145,29
10,0.25,4,0.1,0.3,0.0035,7
10,0.25,5,0.1,0.3,0.013,26
10,0.25,6,0.1,0.3,0,0
10,0.25,7,0.1,0.3,0.0015,3
10,0.25,8,0.1,0.3,0.001,2
10,0.25,9,0.1,0.3,0.001,2
10,0.25,10,0.1,0.3,0,0
10,0.25,1,0.1,0.5,0.092,184
10,0.25,2,0.1,0.5,5E-04,1
10,0.25,3,0.1,0.5,0,0
10,0.25,4,0.1,0.5,0.005,10
10,0.25,5,0.1,0.5,0,0
10,0.25,6,0.1,0.5,0,0
10,0.25,7,0.1,0.5,0.023,46
10,0.25,8,0.1,0.5,0.0085,17
10,0.25,9,0.1,0.5,0.1135,227
10,0.25,10,0.1,0.5,0.002,4
10,0.25,1,0.1,0.7,5E-04,1
10,0.25,2,0.1,0.7,0.003,6
10,0.25,3,0.1,0.7,0.0265,53
10,0.25,4,0.1,0.7,0.0015,3
10,0.25,5,0.1,0.7,0,0
10,0.25,6,0.1,0.7,0.0025,5
10,0.25,7,0.1,0.7,0.003,6
10,0.25,8,0.1,0.7,5E-04,1
10,0.25,9,0.1,0.7,0.001,2
10,0.25,10,0.1,0.7,0.008,16
10,0.2,1,0.1,0.3,0.0035,7
10,0.2,2,0.1,0.3,0.018,36
10,0.2,3,0.1,0.3,0.014,28
10,0.2,4,0.1,0.3,0.0135,27
10,0.2,5,0.1,0.3,0.03,60
10,0.2,6,0.1,0.3,0.001,2
10,0.2,7,0.1,0.3,0.0015,3
10,0.2,8,0.1,0.3,0.007,14
10,0.2,9,0.1,0.3,0.007,14
10,0.2,10,0.1,0.3,0.016,32
10,0.2,1,0.1,0.5,0.067,134
10,0.2,2,0.1,0.5,0.0035,7
10,0.2,3,0.1,0.5,0.0325,65
10,0.2,4,0.1,0.5,0.0045,9
10,0.2,5,0.1,0.5,0.1225,245
10,0.2,6,0.1,0.5,0.0045,9
10,0.2,7,0.1,0.5,0.0855,171
10,0.2,8,0.1,0.5,0.0145,29
10,0.2,9,0.1,0.5,0.058,116
10,0.2,10,0.1,0.5,0.005,10
10,0.2,1,0.1,0.7,0.073,146
10,0.2,2,0.1,0.7,0.035,70
10,0.2,3,0.1,0.7,0.0115,23
10,0.2,4,0.1,0.7,0.0015,3
10,0.2,5,0.1,0.7,0.0665,133
10,0.2,6,0.1,0.7,0.0035,7
10,0.2,7,0.1,0.7,5E-04,1
10,0.2,8,0.1,0.7,0.0095,19
10,0.2,9,0.1,0.7,0.0525,105
10,0.2,10,0.1,0.7,0.005,10
10,0.15,1,0.1,0.3,0.033,66
10,0.15,2,0.1,0.3,0.0175,35
10,0.15,3,0.1,0.3,0.051,102
10,0.15,4,0.1,0.3,0.0925,185
10,0.15,5,0.1,0.3,0.0115,23
10,0.15,6,0.1,0.3,0.004,8
10,0.15,7,0.1,0.3,0.006,12
10,0.15,8,0.1,0.3,0.0165,33
10,0.15,9,0.1,0.3,0.028,56
10,0.15,10,0.1,0.3,0.1105,221
10,0.15,1,0.1,0.5,0.032,64
10,0.15,2,0.1,0.5,0,0
10,0.15,3,0.1,0.5,0.0015,3
10,0.15,4,0.1,0.5,0.13,260
10,0.15,5,0.1,0.5,0.0305,61
10,0.15,6,0.1,0.5,0.0285,57
10,0.15,7,0.1,0.5,0.06,120
10,0.15,8,0.1,0.5,0.103,206
10,0.15,9,0.1,0.5,0.19,380
10,0.15,10,0.1,0.5,0.044,88
10,0.15,1,0.1,0.7,0.0305,61
10,0.15,2,0.1,0.7,0.129,258
10,0.15,3,0.1,0.7,0.1065,213
10,0.15,4,0.1,0.7,0.0185,37
10,0.15,5,0.1,0.7,0.0015,3
10,0.15,6,0.1,0.7,0.1065,213
10,0.15,7,0.1,0.7,0.013,26
10,0.15,8,0.1,0.7,0.0215,43
10,0.15,9,0.1,0.7,0.0175,35
10,0.15,10,0.1,0.7,0.0695,139
10,0.1,1,0.1,0.3,0.0035,7
10,0.1,2,0.1,0.3,0.1235,247
10,0.1,3,0.1,0.3,0.162,324
10,0.1,4,0.1,0.3,0.174,348
10,0.1,5,0.1,0.3,0.117,234
10,0.1,6,0.1,0.3,0.134,268
10,0.1,7,0.1,0.3,0.139,278
10,0.1,8,0.1,0.3,0.057,114
10,0.1,9,0.1,0.3,0.0155,31
10,0.1,10,0.1,0.3,0.2265,453
10,0.1,1,0.1,0.5,0.235,470
10,0.1,2,0.1,0.5,0.491,982
10,0.1,3,0.1,0.5,0.4895,979
10,0.1,4,0.1,0.5,0.0365,73
10,0.1,5,0.1,0.5,0.093,186
10,0.1,6,0.1,0.5,0.3645,729
10,0.1,7,0.1,0.5,0.147,294
10,0.1,8,0.1,0.5,0.719,1438
10,0.1,9,0.1,0.5,0.8915,1783
10,0.1,10,0.1,0.5,0.015,30
10,0.1,1,0.1,0.7,0.0195,39
10,0.1,2,0.1,0.7,0.0345,69
10,0.1,3,0.1,0.7,0.1365,273
10,0.1,4,0.1,0.7,0.0725,145
10,0.1,5,0.1,0.7,0.0925,185
10,0.1,6,0.1,0.7,0.0085,17
10,0.1,7,0.1,0.7,0.0605,121
10,0.1,8,0.1,0.7,0.018,36
10,0.1,9,0.1,0.7,0.0055,11
10,0.1,10,0.1,0.7,0.0335,67
10,0,1,0.1,0.3,0.1515,303
10,0,2,0.1,0.3,0.9055,1811
10,0,3,0.1,0.3,0.479,958
10,0,4,0.1,0.3,0.135,270
10,0,5,0.1,0.3,0.6495,1299
10,0,6,0.1,0.3,0.7985,1597
10,0,7,0.1,0.3,0.3995,799
10,0,8,0.1,0.3,0.228,456
10,0,9,0.1,0.3,0.448,896
10,0,10,0.1,0.3,0.6175,1235
10,0,1,0.1,0.5,0.8145,1629
10,0,2,0.1,0.5,0.727,1454
10,0,3,0.1,0.5,0.95,1900
10,0,4,0.1,0.5,0.5685,1137
10,0,5,0.1,0.5,0.462,924
10,0,6,0.1,0.5,0.9825,1965
10,0,7,0.1,0.5,0.141,282
10,0,8,0.1,0.5,0.4175,835
10,0,9,0.1,0.5,0.241,482
10,0,10,0.1,0.5,0.6655,1331
10,0,1,0.1,0.7,0.2695,539
10,0,2,0.1,0.7,0.1695,339
10,0,3,0.1,0.7,0.785,1570
10,0,4,0.1,0.7,0.7285,1457
10,0,5,0.1,0.7,0.6915,1383
10,0,6,0.1,0.7,0.6,1200
10,0,7,0.1,0.7,0.113,226
10,0,8,0.1,0.7,0.6785,1357
10,0,9,0.1,0.7,0.0645,129
10,0,10,0.1,0.7,0.596,1192
20,0.3,1,0.1,0.3,0,0
20,0.3,2,0.1,0.3,0,0
20,0.3,3,0.1,0.3,0,0
20,0.3,4,0.1,0.3,0,0
20,0.3,5,0.1,0.3,0,0
20,0.3,6,0.1,0.3,0,0
20,0.3,7,0.1,0.3,0,0
20,0.3,8,0.1,0.3,0,0
20,0.3,9,0.1,0.3,0,0
20,0.3,10,0.1,0.3,0,0
20,0.3,1,0.1,0.5,0,0
20,0.3,2,0.1,0.5,0,0
20,0.3,3,0.1,0.5,0,0
20,0.3,4,0.1,0.5,0,0
20,0.3,5,0.1,0.5,0,0
20,0.3,6,0.1,0.5,5E-04,1
20,0.3,7,0.1,0.5,5E-04,1
20,0.3,8,0.1,0.5,0,0
20,0.3,9,0.1,0.5,0,0
20,0.3,10,0.1,0.5,0,0
20,0.3,1,0.1,0.7,0,0
20,0.3,2,0.1,0.7,0,0
20,0.3,3,0.1,0.7,0,0
20,0.3,4,0.1,0.7,0,0
20,0.3,5,0.1,0.7,0,0
20,0.3,6,0.1,0.7,0,0
20,0.3,7,0.1,0.7,0,0
20,0.3,8,0.1,0.7,0,0
20,0.3,9,0.1,0.7,0,0
20,0.3,10,0.1,0.7,0,0
20,0.25,1,0.1,0.3,0,0
20,0.25,2,0.1,0.3,0.0015,3
20,0.25,3,0.1,0.3,0,0
20,0.25,4,0.1,0.3,5E-04,1
20,0.25,5,0.1,0.3,0,0
20,0.25,6,0.1,0.3,0,0
20,0.25,7,0.1,0.3,0,0
20,0.25,8,0.1,0.3,0,0
20,0.25,9,0.1,0.3,0.004,8
20,0.25,10,0.1,0.3,5E-04,1
20,0.25,1,0.1,0.5,0,0
20,0.25,2,0.1,0.5,0,0
20,0.25,3,0.1,0.5,5E-04,1
20,0.25,4,0.1,0.5,0.0075,15
20,0.25,5,0.1,0.5,0,0
20,0.25,6,0.1,0.5,0,0
20,0.25,7,0.1,0.5,0,0
20,0.25,8,0.1,0.5,0,0
20,0.25,9,0.1,0.5,0.0035,7
20,0.25,10,0.1,0.5,0.001,2
20,0.25,1,0.1,0.7,0,0
20,0.25,2,0.1,0.7,5E-04,1
20,0.25,3,0.1,0.7,5E-04,1
20,0.25,4,0.1,0.7,0,0
20,0.25,5,0.1,0.7,0,0
20,0.25,6,0.1,0.7,0,0
20,0.25,7,0.1,0.7,0,0
20,0.25,8,0.1,0.7,0,0
20,0.25,9,0.1,0.7,0,0
20,0.25,10,0.1,0.7,0,0
20,0.2,1,0.1,0.3,5E-04,1
20,0.2,2,0.1,0.3,0.001,2
20,0.2,3,0.1,0.3,0.0025,5
20,0.2,4,0.1,0.3,5E-04,1
20,0.2,5,0.1,0.3,0.001,2
20,0.2,6,0.1,0.3,0.009,18
20,0.2,7,0.1,0.3,0.0175,35
20,0.2,8,0.1,0.3,0.0095,19
20,0.2,9,0.1,0.3,0.002,4
20,0.2,10,0.1,0.3,0.019,38
20,0.2,1,0.1,0.5,0.01,20
20,0.2,2,0.1,0.5,0.19,380
20,0.2,3,0.1,0.5,0,0
20,0.2,4,0.1,0.5,0,0
20,0.2,5,0.1,0.5,0.002,4
20,0.2,6,0.1,0.5,0,0
20,0.2,7,0.1,0.5,0,0
20,0.2,8,0.1,0.5,0.0035,7
20,0.2,9,0.1,0.5,0,0
20,0.2,10,0.1,0.5,0,0
20,0.2,1,0.1,0.7,0,0
20,0.2,2,0.1,0.7,0,0
20,0.2,3,0.1,0.7,0,0
20,0.2,4,0.1,0.7,0,0
20,0.2,5,0.1,0.7,0,0
20,0.2,6,0.1,0.7,5E-04,1
20,0.2,7,0.1,0.7,0,0
20,0.2,8,0.1,0.7,0.0025,5
20,0.2,9,0.1,0.7,0,0
20,0.2,10,0.1,0.7,5E-04,1
20,0.15,1,0.1,0.3,0.2565,513
20,0.15,2,0.1,0.3,0.001,2
20,0.15,3,0.1,0.3,0,0
20,0.15,4,0.1,0.3,0.0115,23
20,0.15,5,0.1,0.3,0.127,254
20,0.15,6,0.1,0.3,0.008,16
20,0.15,7,0.1,0.3,0.0015,3
20,0.15,8,0.1,0.3,0.0015,3
20,0.15,9,0.1,0.3,0.0165,33
20,0.15,10,0.1,0.3,0.007,14
20,0.15,1,0.1,0.5,0.007,14
20,0.15,2,0.1,0.5,0.031,62
20,0.15,3,0.1,0.5,0.001,2
20,0.15,4,0.1,0.5,0.1135,227
20,0.15,5,0.1,0.5,0,0
20,0.15,6,0.1,0.5,0.0015,3
20,0.15,7,0.1,0.5,0.01,20
20,0.15,8,0.1,0.5,0.0135,27
20,0.15,9,0.1,0.5,0,0
20,0.15,10,0.1,0.5,0,0
20,0.15,1,0.1,0.7,0,0
20,0.15,2,0.1,0.7,0.001,2
20,0.15,3,0.1,0.7,0.007,14
20,0.15,4,0.1,0.7,0,0
20,0.15,5,0.1,0.7,0.001,2
20,0.15,6,0.1,0.7,0.0405,81
20,0.15,7,0.1,0.7,0,0
20,0.15,8,0.1,0.7,5E-04,1
20,0.15,9,0.1,0.7,0.002,4
20,0.15,10,0.1,0.7,0.0015,3
20,0.1,1,0.1,0.3,0.0455,91
20,0.1,2,0.1,0.3,0.0585,117
20,0.1,3,0.1,0.3,0.0945,189
20,0.1,4,0.1,0.3,0.0655,131
20,0.1,5,0.1,0.3,0.004,8
20,0.1,6,0.1,0.3,0.013,26
20,0.1,7,0.1,0.3,0.0175,35
20,0.1,8,0.1,0.3,0.087,174
20,0.1,9,0.1,0.3,0.074,148
20,0.1,10,0.1,0.3,0.016,32
20,0.1,1,0.1,0.5,0.006,12
20,0.1,2,0.1,0.5,0.4485,897
20,0.1,3,0.1,0.5,0.1225,245
20,0.1,4,0.1,0.5,0.0185,37
20,0.1,5,0.1,0.5,0.0835,167
20,0.1,6,0.1,0.5,0.031,62
20,0.1,7,0.1,0.5,0.04,80
20,0.1,8,0.1,0.5,0.0125,25
20,0.1,9,0.1,0.5,0.104,208
20,0.1,10,0.1,0.5,0.0125,25
20,0.1,1,0.1,0.7,0.0165,33
20,0.1,2,0.1,0.7,0.0185,37
20,0.1,3,0.1,0.7,0.0025,5
20,0.1,4,0.1,0.7,0.0315,63
20,0.1,5,0.1,0.7,0.0905,181
20,0.1,6,0.1,0.7,0.0085,17
20,0.1,7,0.1,0.7,0.1265,253
20,0.1,8,0.1,0.7,0.004,8
20,0.1,9,0.1,0.7,0.0315,63
20,0.1,10,0.1,0.7,0.2305,461
20,0,1,0.1,0.3,0.6415,1283
20,0,2,0.1,0.3,0.855,1710
20,0,3,0.1,0.3,0.5445,1089
20,0,4,0.1,0.3,0.441,882
20,0,5,0.1,0.3,0.3335,667
20,0,6,0.1,0.3,0.851,1702
20,0,7,0.1,0.3,0.011,22
20,0,8,0.1,0.3,0.2695,539
20,0,9,0.1,0.3,0.0865,173
20,0,10,0.1,0.3,0.3435,687
20,0,1,0.1,0.5,0.0555,111
20,0,2,0.1,0.5,0.4325,865
20,0,3,0.1,0.5,0.939,1878
20,0,4,0.1,0.5,0.8795,1759
20,0,5,0.1,0.5,0.9125,1825
20,0,6,0.1,0.5,0.675,1350
20,0,7,0.1,0.5,0.278,556
20,0,8,0.1,0.5,0.54,1080
20,0,9,0.1,0.5,0.6255,1251
20,0,10,0.1,0.5,0.4985,997
20,0,1,0.1,0.7,0.258,516
20,0,2,0.1,0.7,0.4245,849
20,0,3,0.1,0.7,0.0075,15
20,0,4,0.1,0.7,0.2895,579
20,0,5,0.1,0.7,0.682,1364
20,0,6,0.1,0.7,0.658,1316
20,0,7,0.1,0.7,0.6605,1321
20,0,8,0.1,0.7,0.1365,273
20,0,9,0.1,0.7,0.2995,599
20,0,10,0.1,0.7,0.873,1746
30,0.3,1,0.1,0.3,0,0
30,0.3,2,0.1,0.3,0,0
30,0.3,3,0.1,0.3,0,0
30,0.3,4,0.1,0.3,0,0
30,0.3,5,0.1,0.3,0,0
30,0.3,6,0.1,0.3,0,0
30,0.3,7,0.1,0.3,0,0
30,0.3,8,0.1,0.3,0,0
30,0.3,9,0.1,0.3,0,0
30,0.3,10,0.1,0.3,0,0
30,0.3,1,0.1,0.5,0,0
30,0.3,2,0.1,0.5,0,0
30,0.3,3,0.1,0.5,0,0
30,0.3,4,0.1,0.5,0,0
30,0.3,5,0.1,0.5,0,0
30,0.3,6,0.1,0.5,0,0
30,0.3,7,0.1,0.5,0,0
30,0.3,8,0.1,0.5,0,0
30,0.3,9,0.1,0.5,0,0
30,0.3,10,0.1,0.5,0,0
30,0.3,1,0.1,0.7,0,0
30,0.3,2,0.1,0.7,0,0
30,0.3,3,0.1,0.7,0,0
30,0.3,4,0.1,0.7,0,0
30,0.3,5,0.1,0.7,0,0
30,0.3,6,0.1,0.7,0,0
30,0.3,7,0.1,0.7,0,0
30,0.3,8,0.1,0.7,0,0
30,0.3,9,0.1,0.7,0,0
30,0.3,10,0.1,0.7,0,0
30,0.25,1,0.1,0.3,0,0
30,0.25,2,0.1,0.3,0,0
30,0.25,3,0.1,0.3,0,0
30,0.25,4,0.1,0.3,0,0
30,0.25,5,0.1,0.3,5E-04,1
30,0.25,6,0.1,0.3,0,0
30,0.25,7,0.1,0.3,0,0
30,0.25,8,0.1,0.3,0,0
30,0.25,9,0.1,0.3,0,0
30,0.25,10,0.1,0.3,0,0
30,0.25,1,0.1,0.5,0,0
30,0.25,2,0.1,0.5,0,0
30,0.25,3,0.1,0.5,0,0
30,0.25,4,0.1,0.5,0,0
30,0.25,5,0.1,0.5,0,0
30,0.25,6,0.1,0.5,0,0
30,0.25,7,0.1,0.5,0,0
30,0.25,8,0.1,0.5,0,0
30,0.25,9,0.1,0.5,0,0
30,0.25,10,0.1,0.5,0,0
30,0.25,1,0.1,0.7,0,0
30,0.25,2,0.1,0.7,0,0
30,0.25,3,0.1,0.7,0,0
30,0.25,4,0.1,0.7,0,0
30,0.25,5,0.1,0.7,0,0
30,0.25,6,0.1,0.7,0,0
30,0.25,7,0.1,0.7,0,0
30,0.25,8,0.1,0.7,0,0
30,0.25,9,0.1,0.7,0,0
30,0.25,10,0.1,0.7,0,0
30,0.2,1,0.1,0.3,0,0
30,0.2,2,0.1,0.3,0,0
30,0.2,3,0.1,0.3,0,0
30,0.2,4,0.1,0.3,0,0
30,0.2,5,0.1,0.3,0.013,26
30,0.2,6,0.1,0.3,0,0
30,0.2,7,0.1,0.3,0,0
30,0.2,8,0.1,0.3,5E-04,1
30,0.2,9,0.1,0.3,0,0
30,0.2,10,0.1,0.3,0,0
30,0.2,1,0.1,0.5,0,0
30,0.2,2,0.1,0.5,5E-04,1
30,0.2,3,0.1,0.5,0,0
30,0.2,4,0.1,0.5,0,0
30,0.2,5,0.1,0.5,0,0
30,0.2,6,0.1,0.5,0.001,2
30,0.2,7,0.1,0.5,5E-04,1
30,0.2,8,0.1,0.5,0,0
30,0.2,9,0.1,0.5,0,0
30,0.2,10,0.1,0.5,0,0
30,0.2,1,0.1,0.7,0,0
30,0.2,2,0.1,0.7,0,0
30,0.2,3,0.1,0.7,0,0
30,0.2,4,0.1,0.7,0,0
30,0.2,5,0.1,0.7,5E-04,1
30,0.2,6,0.1,0.7,5E-04,1
30,0.2,7,0.1,0.7,0,0
30,0.2,8,0.1,0.7,0,0
30,0.2,9,0.1,0.7,0,0
30,0.2,10,0.1,0.7,0,0
30,0.15,1,0.1,0.3,0.007,14
30,0.15,2,0.1,0.3,0,0
30,0.15,3,0.1,0.3,0.002,4
30,0.15,4,0.1,0.3,0.0015,3
30,0.15,5,0.1,0.3,0.004,8
30,0.15,6,0.1,0.3,0,0
30,0.15,7,0.1,0.3,0.003,6
30,0.15,8,0.1,0.3,0.001,2
30,0.15,9,0.1,0.3,0.001,2
30,0.15,10,0.1,0.3,0.001,2
30,0.15,1,0.1,0.5,5E-04,1
30,0.15,2,0.1,0.5,0,0
30,0.15,3,0.1,0.5,0,0
30,0.15,4,0.1,0.5,0,0
30,0.15,5,0.1,0.5,0,0
30,0.15,6,0.1,0.5,0.0315,63
30,0.15,7,0.1,0.5,0.004,8
30,0.15,8,0.1,0.5,0.0385,77
30,0.15,9,0.1,0.5,0,0
30,0.15,10,0.1,0.5,0.0055,11
30,0.15,1,0.1,0.7,0,0
30,0.15,2,0.1,0.7,0.004,8
30,0.15,3,0.1,0.7,0,0
30,0.15,4,0.1,0.7,0.193,386
30,0.15,5,0.1,0.7,0,0
30,0.15,6,0.1,0.7,0,0
30,0.15,7,0.1,0.7,5E-04,1
30,0.15,8,0.1,0.7,0,0
30,0.15,9,0.1,0.7,0,0
30,0.15,10,0.1,0.7,0,0
30,0.1,1,0.1,0.3,0.0275,55
30,0.1,2,0.1,0.3,0.0235,47
30,0.1,3,0.1,0.3,0.0295,59
30,0.1,4,0.1,0.3,0.044,88
30,0.1,5,0.1,0.3,0.338,676
30,0.1,6,0.1,0.3,0.2285,457
30,0.1,7,0.1,0.3,0.066,132
30,0.1,8,0.1,0.3,5E-04,1
30,0.1,9,0.1,0.3,0.1175,235
30,0.1,10,0.1,0.3,0.014,28
30,0.1,1,0.1,0.5,0.001,2
30,0.1,2,0.1,0.5,5E-04,1
30,0.1,3,0.1,0.5,0.0055,11
30,0.1,4,0.1,0.5,0.0035,7
30,0.1,5,0.1,0.5,0.076,152
30,0.1,6,0.1,0.5,0.001,2
30,0.1,7,0.1,0.5,0.0675,135
30,0.1,8,0.1,0.5,0.053,106
30,0.1,9,0.1,0.5,0,0
30,0.1,10,0.1,0.5,0.556,1112
30,0.1,1,0.1,0.7,0.0115,23
30,0.1,2,0.1,0.7,0.0205,41
30,0.1,3,0.1,0.7,0.0075,15
30,0.1,4,0.1,0.7,0,0
30,0.1,5,0.1,0.7,0,0
30,0.1,6,0.1,0.7,5E-04,1
30,0.1,7,0.1,0.7,0.015,30
30,0.1,8,0.1,0.7,0.009,18
30,0.1,9,0.1,0.7,5E-04,1
30,0.1,10,0.1,0.7,0.0095,19
30,0,1,0.1,0.3,0.3035,607
30,0,2,0.1,0.3,0.636,1272
30,0,3,0.1,0.3,0.4235,847
30,0,4,0.1,0.3,0.8445,1689
30,0,5,0.1,0.3,0.7715,1543
30,0,6,0.1,0.3,0.1935,387
30,0,7,0.1,0.3,0.5145,1029
30,0,8,0.1,0.3,0.37,740
30,0,9,0.1,0.3,0.2295,459
30,0,10,0.1,0.3,0.469,938
30,0,1,0.1,0.5,0.631,1262
30,0,2,0.1,0.5,0.225,450
30,0,3,0.1,0.5,0.4405,881
30,0,4,0.1,0.5,0.192,384
30,0,5,0.1,0.5,0.022,44
30,0,6,0.1,0.5,0.2795,559
30,0,7,0.1,0.5,0.362,724
30,0,8,0.1,0.5,0.159,318
30,0,9,0.1,0.5,0.428,856
30,0,10,0.1,0.5,0.7265,1453
30,0,1,0.1,0.7,0.098,196
30,0,2,0.1,0.7,0.2705,541
30,0,3,0.1,0.7,0.1125,225
30,0,4,0.1,0.7,0.14,280
30,0,5,0.1,0.7,0.892,1784
30,0,6,0.1,0.7,0.665,1330
30,0,7,0.1,0.7,0.2275,455
30,0,8,0.1,0.7,0.279,558
30,0,9,0.1,0.7,0.29,580
30,0,10,0.1,0.7,0.4465,893
40,0.3,1,0.1,0.3,0,0
40,0.3,2,0.1,0.3,0,0
40,0.3,3,0.1,0.3,0,0
40,0.3,4,0.1,0.3,0,0
40,0.3,5,0.1,0.3,0,0
40,0.3,6,0.1,0.3,0,0
40,0.3,7,0.1,0.3,0,0
40,0.3,8,0.1,0.3,0,0
40,0.3,9,0.1,0.3,0,0
40,0.3,10,0.1,0.3,0,0
40,0.3,1,0.1,0.5,0,0
40,0.3,2,0.1,0.5,0,0
40,0.3,3,0.1,0.5,0,0
40,0.3,4,0.1,0.5,0,0
40,0.3,5,0.1,0.5,0,0
40,0.3,6,0.1,0.5,0,0
40,0.3,7,0.1,0.5,0,0
40,0.3,8,0.1,0.5,0,0
40,0.3,9,0.1,0.5,0,0
40,0.3,10,0.1,0.5,0,0
40,0.3,1,0.1,0.7,0,0
40,0.3,2,0.1,0.7,0,0
40,0.3,3,0.1,0.7,0,0
40,0.3,4,0.1,0.7,0,0
40,0.3,5,0.1,0.7,0,0
40,0.3,6,0.1,0.7,0,0
40,0.3,7,0.1,0.7,0,0
40,0.3,8,0.1,0.7,0,0
40,0.3,9,0.1,0.7,0,0
40,0.3,10,0.1,0.7,0,0
40,0.25,1,0.1,0.3,0,0
40,0.25,2,0.1,0.3,0,0
40,0.25,3,0.1,0.3,0,0
40,0.25,4,0.1,0.3,0,0
40,0.25,5,0.1,0.3,0,0
40,0.25,6,0.1,0.3,0,0
40,0.25,7,0.1,0.3,0,0
40,0.25,8,0.1,0.3,0,0
40,0.25,9,0.1,0.3,0,0
40,0.25,10,0.1,0.3,0,0
40,0.25,1,0.1,0.5,0,0
40,0.25,2,0.1,0.5,0,0
40,0.25,3,0.1,0.5,0,0
40,0.25,4,0.1,0.5,0,0
40,0.25,5,0.1,0.5,0,0
40,0.25,6,0.1,0.5,0,0
40,0.25,7,0.1,0.5,0,0
40,0.25,8,0.1,0.5,0,0
40,0.25,9,0.1,0.5,0,0
40,0.25,10,0.1,0.5,0,0
40,0.25,1,0.1,0.7,0,0
40,0.25,2,0.1,0.7,0,0
40,0.25,3,0.1,0.7,0,0
40,0.25,4,0.1,0.7,0,0
40,0.25,5,0.1,0.7,0,0
40,0.25,6,0.1,0.7,0,0
40,0.25,7,0.1,0.7,0,0
40,0.25,8,0.1,0.7,0,0
40,0.25,9,0.1,0.7,0,0
40,0.25,10,0.1,0.7,0,0
40,0.2,1,0.1,0.3,0,0
40,0.2,2,0.1,0.3,0,0
40,0.2,3,0.1,0.3,0,0
40,0.2,4,0.1,0.3,0,0
40,0.2,5,0.1,0.3,0,0
40,0.2,6,0.1,0.3,0,0
40,0.2,7,0.1,0.3,0,0
40,0.2,8,0.1,0.3,0,0
40,0.2,9,0.1,0.3,0,0
40,0.2,10,0.1,0.3,0,0
40,0.2,1,0.1,0.5,0,0
40,0.2,2,0.1,0.5,0,0
40,0.2,3,0.1,0.5,0,0
40,0.2,4,0.1,0.5,0,0
40,0.2,5,0.1,0.5,0,0
40,0.2,6,0.1,0.5,0,0
40,0.2,7,0.1,0.5,0,0
40,0.2,8,0.1,0.5,0,0
40,0.2,9,0.1,0.5,0,0
40,0.2,10,0.1,0.5,0,0
40,0.2,1,0.1,0.7,0,0
40,0.2,2,0.1,0.7,0,0
40,0.2,3,0.1,0.7,0,0
40,0.2,4,0.1,0.7,0,0
40,0.2,5,0.1,0.7,0,0
40,0.2,6,0.1,0.7,0,0
40,0.2,7,0.1,0.7,0,0
40,0.2,8,0.1,0.7,0,0
40,0.2,9,0.1,0.7,0,0
40,0.2,10,0.1,0.7,0,0
40,0.15,1,0.1,0.3,0,0
40,0.15,2,0.1,0.3,0,0
40,0.15,3,0.1,0.3,5E-04,1
40,0.15,4,0.1,0.3,0.002,4
40,0.15,5,0.1,0.3,0.0035,7
40,0.15,6,0.1,0.3,0.0225,45
40,0.15,7,0.1,0.3,0,0
40,0.15,8,0.1,0.3,0.005,10
40,0.15,9,0.1,0.3,0.0015,3
40,0.15,10,0.1,0.3,0.007,14
40,0.15,1,0.1,0.5,0.001,2
40,0.15,2,0.1,0.5,0,0
40,0.15,3,0.1,0.5,0,0
40,0.15,4,0.1,0.5,0.0325,65
40,0.15,5,0.1,0.5,0.004,8
40,0.15,6,0.1,0.5,0.0075,15
40,0.15,7,0.1,0.5,0.004,8
40,0.15,8,0.1,0.5,0,0
40,0.15,9,0.1,0.5,0.0115,23
40,0.15,10,0.1,0.5,0,0
40,0.15,1,0.1,0.7,5E-04,1
40,0.15,2,0.1,0.7,0.0115,23
40,0.15,3,0.1,0.7,0,0
40,0.15,4,0.1,0.7,0,0
40,0.15,5,0.1,0.7,0.002,4
40,0.15,6,0.1,0.7,0,0
40,0.15,7,0.1,0.7,0,0
40,0.15,8,0.1,0.7,0,0
40,0.15,9,0.1,0.7,0,0
40,0.15,10,0.1,0.7,0,0
40,0.1,1,0.1,0.3,0,0
40,0.1,2,0.1,0.3,0.004,8
40,0.1,3,0.1,0.3,0.0055,11
40,0.1,4,0.1,0.3,0.0095,19
40,0.1,5,0.1,0.3,0.0265,53
40,0.1,6,0.1,0.3,0.0515,103
40,0.1,7,0.1,0.3,0.1705,341
40,0.1,8,0.1,0.3,0.1245,249
40,0.1,9,0.1,0.3,0.028,56
40,0.1,10,0.1,0.3,0,0
40,0.1,1,0.1,0.5,0.0035,7
40,0.1,2,0.1,0.5,0.0275,55
40,0.1,3,0.1,0.5,0.014,28
40,0.1,4,0.1,0.5,0.0015,3
40,0.1,5,0.1,0.5,0.26,520
40,0.1,6,0.1,0.5,0,0
40,0.1,7,0.1,0.5,0.0185,37
40,0.1,8,0.1,0.5,0.008,16
40,0.1,9,0.1,0.5,0.033,66
40,0.1,10,0.1,0.5,0.0035,7
40,0.1,1,0.1,0.7,0,0
40,0.1,2,0.1,0.7,0.0085,17
40,0.1,3,0.1,0.7,0.0035,7
40,0.1,4,0.1,0.7,0,0
40,0.1,5,0.1,0.7,0.0075,15
40,0.1,6,0.1,0.7,5E-04,1
40,0.1,7,0.1,0.7,0,0
40,0.1,8,0.1,0.7,0.0635,127
40,0.1,9,0.1,0.7,5E-04,1
40,0.1,10,0.1,0.7,0,0
40,0,1,0.1,0.3,0.1605,321
40,0,2,0.1,0.3,0.984,1968
40,0,3,0.1,0.3,0.3935,787
40,0,4,0.1,0.3,0.7635,1527
40,0,5,0.1,0.3,0.1595,319
40,0,6,0.1,0.3,0.285,570
40,0,7,0.1,0.3,0.3305,661
40,0,8,0.1,0.3,0.0415,83
40,0,9,0.1,0.3,0.9225,1845
40,0,10,0.1,0.3,0.2215,443
40,0,1,0.1,0.5,0.8105,1621
40,0,2,0.1,0.5,0.434,868
40,0,3,0.1,0.5,0.8475,1695
40,0,4,0.1,0.5,0.9155,1831
40,0,5,0.1,0.5,0.531,1062
40,0,6,0.1,0.5,0.1795,359
40,0,7,0.1,0.5,0.7655,1531
40,0,8,0.1,0.5,0.867,1734
40,0,9,0.1,0.5,0.299,598
40,0,10,0.1,0.5,0.237,474
40,0,1,0.1,0.7,0.5765,1153
40,0,2,0.1,0.7,0.286,572
40,0,3,0.1,0.7,0.5315,1063
40,0,4,0.1,0.7,0.424,848
40,0,5,0.1,0.7,0.2105,421
40,0,6,0.1,0.7,0.293,586
40,0,7,0.1,0.7,0.074,148
40,0,8,0.1,0.7,0.523,1046
40,0,9,0.1,0.7,0.1665,333
40,0,10,0.1,0.7,0.434,868
60,0.3,1,0.1,0.3,0,0
60,0.3,2,0.1,0.3,0,0
60,0.3,3,0.1,0.3,0,0
60,0.3,4,0.1,0.3,0,0
60,0.3,5,0.1,0.3,0,0
60,0.3,6,0.1,0.3,0,0
60,0.3,7,0.1,0.3,0,0
60,0.3,8,0.1,0.3,0,0
60,0.3,9,0.1,0.3,0,0
60,0.3,10,0.1,0.3,0,0
60,0.3,1,0.1,0.5,0,0
60,0.3,2,0.1,0.5,0,0
60,0.3,3,0.1,0.5,0,0
60,0.3,4,0.1,0.5,0,0
60,0.3,5,0.1,0.5,0,0
60,0.3,6,0.1,0.5,0,0
60,0.3,7,0.1,0.5,0,0
60,0.3,8,0.1,0.5,0,0
60,0.3,9,0.1,0.5,0,0
60,0.3,10,0.1,0.5,0,0
60,0.3,1,0.1,0.7,0,0
60,0.3,2,0.1,0.7,0,0
60,0.3,3,0.1,0.7,0,0
60,0.3,4,0.1,0.7,0,0
60,0.3,5,0.1,0.7,0,0
60,0.3,6,0.1,0.7,0,0
60,0.3,7,0.1,0.7,0,0
60,0.3,8,0.1,0.7,0,0
60,0.3,9,0.1,0.7,0,0
60,0.3,10,0.1,0.7,0,0
60,0.25,1,0.1,0.3,0,0
60,0.25,2,0.1,0.3,0,0
60,0.25,3,0.1,0.3,0,0
60,0.25,4,0.1,0.3,0,0
60,0.25,5,0.1,0.3,0,0
60,0.25,6,0.1,0.3,0,0
60,0.25,7,0.1,0.3,0,0
60,0.25,8,0.1,0.3,0,0
60,0.25,9,0.1,0.3,0,0
60,0.25,10,0.1,0.3,0,0
60,0.25,1,0.1,0.5,0,0
60,0.25,2,0.1,0.5,0,0
60,0.25,3,0.1,0.5,0,0
60,0.25,4,0.1,0.5,0,0
60,0.25,5,0.1,0.5,0,0
60,0.25,6,0.1,0.5,0,0
60,0.25,7,0.1,0.5,0,0
60,0.25,8,0.1,0.5,0,0
60,0.25,9,0.1,0.5,0,0
60,0.25,10,0.1,0.5,0,0
60,0.25,1,0.1,0.7,0,0
60,0.25,2,0.1,0.7,0,0
60,0.25,3,0.1,0.7,0,0
60,0.25,4,0.1,0.7,0,0
60,0.25,5,0.1,0.7,0,0
60,0.25,6,0.1,0.7,0,0
60,0.25,7,0.1,0.7,0,0
60,0.25,8,0.1,0.7,0,0
60,0.25,9,0.1,0.7,0,0
60,0.25,10,0.1,0.7,0,0
60,0.2,1,0.1,0.3,0,0
60,0.2,2,0.1,0.3,0,0
60,0.2,3,0.1,0.3,0,0
60,0.2,4,0.1,0.3,0,0
60,0.2,5,0.1,0.3,0,0
60,0.2,6,0.1,0.3,0,0
60,0.2,7,0.1,0.3,0,0
60,0.2,8,0.1,0.3,0,0
60,0.2,9,0.1,0.3,0,0
60,0.2,10,0.1,0.3,0,0
60,0.2,1,0.1,0.5,0,0
60,0.2,2,0.1,0.5,0,0
60,0.2,3,0.1,0.5,0,0
60,0.2,4,0.1,0.5,0,0
60,0.2,5,0.1,0.5,0,0
60,0.2,6,0.1,0.5,0,0
60,0.2,7,0.1,0.5,0,0
60,0.2,8,0.1,0.5,0,0
60,0.2,9,0.1,0.5,0,0
60,0.2,10,0.1,0.5,0,0
60,0.2,1,0.1,0.7,0,0
60,0.2,2,0.1,0.7,0,0
60,0.2,3,0.1,0.7,0,0
60,0.2,4,0.1,0.7,0,0
60,0.2,5,0.1,0.7,0,0
60,0.2,6,0.1,0.7,0,0
60,0.2,7,0.1,0.7,0,0
60,0.2,8,0.1,0.7,0,0
60,0.2,9,0.1,0.7,0,0
60,0.2,10,0.1,0.7,0,0
60,0.15,1,0.1,0.3,0,0
60,0.15,2,0.1,0.3,0,0
60,0.15,3,0.1,0.3,0,0
60,0.15,4,0.1,0.3,0,0
60,0.15,5,0.1,0.3,0,0
60,0.15,6,0.1,0.3,0,0
60,0.15,7,0.1,0.3,0,0
60,0.15,8,0.1,0.3,0,0
60,0.15,9,0.1,0.3,0,0
60,0.15,10,0.1,0.3,0.001,2
60,0.15,1,0.1,0.5,0,0
60,0.15,2,0.1,0.5,0,0
60,0.15,3,0.1,0.5,0,0
60,0.15,4,0.1,0.5,0,0
60,0.15,5,0.1,0.5,0,0
60,0.15,6,0.1,0.5,0,0
60,0.15,7,0.1,0.5,0,0
60,0.15,8,0.1,0.5,0.009,18
60,0.15,9,0.1,0.5,0,0
60,0.15,10,0.1,0.5,5E-04,1
60,0.15,1,0.1,0.7,0,0
60,0.15,2,0.1,0.7,0,0
60,0.15,3,0.1,0.7,0,0
60,0.15,4,0.1,0.7,0,0
60,0.15,5,0.1,0.7,0,0
60,0.15,6,0.1,0.7,0,0
60,0.15,7,0.1,0.7,0,0
60,0.15,8,0.1,0.7,0,0
60,0.15,9,0.1,0.7,0,0
60,0.15,10,0.1,0.7,0,0
60,0.1,1,0.1,0.3,5E-04,1
60,0.1,2,0.1,0.3,0.0035,7
60,0.1,3,0.1,0.3,0,0
60,0.1,4,0.1,0.3,0,0
60,0.1,5,0.1,0.3,0.0035,7
60,0.1,6,0.1,0.3,0,0
60,0.1,7,0.1,0.3,0,0
60,0.1,8,0.1,0.3,0,0
60,0.1,9,0.1,0.3,0,0
60,0.1,10,0.1,0.3,0.005,10
60,0.1,1,0.1,0.5,0.0085,17
60,0.1,2,0.1,0.5,0.0575,115
60,0.1,3,0.1,0.5,0,0
60,0.1,4,0.1,0.5,0,0
60,0.1,5,0.1,0.5,0,0
60,0.1,6,0.1,0.5,0.0105,21
60,0.1,7,0.1,0.5,0.0015,3
60,0.1,8,0.1,0.5,0,0
60,0.1,9,0.1,0.5,0,0
60,0.1,10,0.1,0.5,0.0025,5
60,0.1,1,0.1,0.7,0.007,14
60,0.1,2,0.1,0.7,0.0035,7
60,0.1,3,0.1,0.7,0,0
60,0.1,4,0.1,0.7,0,0
60,0.1,5,0.1,0.7,0,0
60,0.1,6,0.1,0.7,0,0
60,0.1,7,0.1,0.7,0,0
60,0.1,8,0.1,0.7,0,0
60,0.1,9,0.1,0.7,5E-04,1
60,0.1,10,0.1,0.7,0,0
60,0,1,0.1,0.3,0.8695,1739
60,0,2,0.1,0.3,0.7115,1423
60,0,3,0.1,0.3,0.193,386
60,0,4,0.1,0.3,0.898,1796
60,0,5,0.1,0.3,0.3825,765
60,0,6,0.1,0.3,0.421,842
60,0,7,0.1,0.3,0.2935,587
60,0,8,0.1,0.3,0.876,1752
60,0,9,0.1,0.3,0.597,1194
60,0,10,0.1,0.3,0.7815,1563
60,0,1,0.1,0.5,0.625,1250
60,0,2,0.1,0.5,0.6755,1351
60,0,3,0.1,0.5,0.729,1458
60,0,4,0.1,0.5,0.738,1476
60,0,5,0.1,0.5,0.3315,663
60,0,6,0.1,0.5,0.82,1640
60,0,7,0.1,0.5,0.169,338
60,0,8,0.1,0.5,0.05,100
60,0,9,0.1,0.5,0.673,1346
60,0,10,0.1,0.5,0.589,1178
60,0,1,0.1,0.7,0.0695,139
60,0,2,0.1,0.7,0.9285,1857
60,0,3,0.1,0.7,0.0635,127
60,0,4,0.1,0.7,0.128,256
60,0,5,0.1,0.7,0.417,834
60,0,6,0.1,0.7,0.9935,1987
60,0,7,0.1,0.7,0.294,588
60,0,8,0.1,0.7,0.604,1208
60,0,9,0.1,0.7,0.0645,129
60,0,10,0.1,0.7,0.8415,1683
10,0.3,1,0.2,0.3,0.009,18
10,0.3,2,0.2,0.3,0.0025,5
10,0.3,3,0.2,0.3,0.012,24
10,0.3,4,0.2,0.3,0.073,146
10,0.3,5,0.2,0.3,5E-04,1
10,0.3,6,0.2,0.3,5E-04,1
10,0.3,7,0.2,0.3,0,0
10,0.3,8,0.2,0.3,0,0
10,0.3,9,0.2,0.3,0.0055,11
10,0.3,10,0.2,0.3,0,0
10,0.3,1,0.2,0.5,0.0035,7
10,0.3,2,0.2,0.5,0.0045,9
10,0.3,3,0.2,0.5,0.008,16
10,0.3,4,0.2,0.5,0.078,156
10,0.3,5,0.2,0.5,0.005,10
10,0.3,6,0.2,0.5,0.0015,3
10,0.3,7,0.2,0.5,0.0635,127
10,0.3,8,0.2,0.5,0.006,12
10,0.3,9,0.2,0.5,0.0345,69
10,0.3,10,0.2,0.5,0.014,28
10,0.3,1,0.2,0.7,0.008,16
10,0.3,2,0.2,0.7,0.01,20
10,0.3,3,0.2,0.7,0.007,14
10,0.3,4,0.2,0.7,0.0025,5
10,0.3,5,0.2,0.7,0.003,6
10,0.3,6,0.2,0.7,0.0165,33
10,0.3,7,0.2,0.7,0.008,16
10,0.3,8,0.2,0.7,0.0015,3
10,0.3,9,0.2,0.7,0.057,114
10,0.3,10,0.2,0.7,0.0545,109
10,0.25,1,0.2,0.3,0.025,50
10,0.25,2,0.2,0.3,0.003,6
10,0.25,3,0.2,0.3,0.002,4
10,0.25,4,0.2,0.3,0.055,110
10,0.25,5,0.2,0.3,5E-04,1
10,0.25,6,0.2,0.3,0.031,62
10,0.25,7,0.2,0.3,0.011,22
10,0.25,8,0.2,0.3,0.0045,9
10,0.25,9,0.2,0.3,0.008,16
10,0.25,10,0.2,0.3,0.0055,11
10,0.25,1,0.2,0.5,0.009,18
10,0.25,2,0.2,0.5,5E-04,1
10,0.25,3,0.2,0.5,0.009,18
10,0.25,4,0.2,0.5,5E-04,1
10,0.25,5,0.2,0.5,0.0795,159
10,0.25,6,0.2,0.5,0.0085,17
10,0.25,7,0.2,0.5,0.04,80
10,0.25,8,0.2,0.5,0.159,318
10,0.25,9,0.2,0.5,0.0305,61
10,0.25,10,0.2,0.5,5E-04,1
10,0.25,1,0.2,0.7,0.09,180
10,0.25,2,0.2,0.7,0.0315,63
10,0.25,3,0.2,0.7,0.029,58
10,0.25,4,0.2,0.7,0.0015,3
10,0.25,5,0.2,0.7,0.0315,63
10,0.25,6,0.2,0.7,0.039,78
10,0.25,7,0.2,0.7,0.066,132
10,0.25,8,0.2,0.7,0.0705,141
10,0.25,9,0.2,0.7,0.094,188
10,0.25,10,0.2,0.7,0.1335,267
10,0.2,1,0.2,0.3,0.0055,11
10,0.2,2,0.2,0.3,0.168,336
10,0.2,3,0.2,0.3,0.006,12
10,0.2,4,0.2,0.3,0.0355,71
10,0.2,5,0.2,0.3,0.2765,553
10,0.2,6,0.2,0.3,0.019,38
10,0.2,7,0.2,0.3,0.035,70
10,0.2,8,0.2,0.3,0.043,86
10,0.2,9,0.2,0.3,0,0
10,0.2,10,0.2,0.3,0.1015,203
10,0.2,1,0.2,0.5,0.266,532
10,0.2,2,0.2,0.5,0.0035,7
10,0.2,3,0.2,0.5,0.0015,3
10,0.2,4,0.2,0.5,0.053,106
10,0.2,5,0.2,0.5,0.017,34
10,0.2,6,0.2,0.5,0.0375,75
10,0.2,7,0.2,0.5,0.1055,211
10,0.2,8,0.2,0.5,0.0025,5
10,0.2,9,0.2,0.5,0.0325,65
10,0.2,10,0.2,0.5,0.033,66
10,0.2,1,0.2,0.7,0.073,146
10,0.2,2,0.2,0.7,0.055,110
10,0.2,3,0.2,0.7,0.1075,215
10,0.2,4,0.2,0.7,0.026,52
10,0.2,5,0.2,0.7,0.0095,19
10,0.2,6,0.2,0.7,0.0475,95
10,0.2,7,0.2,0.7,0.154,308
10,0.2,8,0.2,0.7,0.0105,21
10,0.2,9,0.2,0.7,0.043,86
10,0.2,10,0.2,0.7,0.0845,169
10,0.15,1,0.2,0.3,0.035,70
10,0.15,2,0.2,0.3,0.003,6
10,0.15,3,0.2,0.3,0.0135,27
10,0.15,4,0.2,0.3,0.3995,799
10,0.15,5,0.2,0.3,0.1605,321
10,0.15,6,0.2,0.3,0.1345,269
10,0.15,7,0.2,0.3,0.094,188
10,0.15,8,0.2,0.3,0.464,928
10,0.15,9,0.2,0.3,0.232,464
10,0.15,10,0.2,0.3,0.3645,729
10,0.15,1,0.2,0.5,0.244,488
10,0.15,2,0.2,0.5,0.059,118
10,0.15,3,0.2,0.5,0.003,6
10,0.15,4,0.2,0.5,0.049,98
10,0.15,5,0.2,0.5,0.093,186
10,0.15,6,0.2,0.5,0.1265,253
10,0.15,7,0.2,0.5,0.0675,135
10,0.15,8,0.2,0.5,0.089,178
10,0.15,9,0.2,0.5,0.055,110
10,0.15,10,0.2,0.5,0.1905,381
10,0.15,1,0.2,0.7,0.023,46
10,0.15,2,0.2,0.7,0.496,992
10,0.15,3,0.2,0.7,0.0775,155
10,0.15,4,0.2,0.7,0.02,40
10,0.15,5,0.2,0.7,0.019,38
10,0.15,6,0.2,0.7,0.0145,29
10,0.15,7,0.2,0.7,0.031,62
10,0.15,8,0.2,0.7,0.0115,23
10,0.15,9,0.2,0.7,0.0115,23
10,0.15,10,0.2,0.7,0.04,80
10,0.1,1,0.2,0.3,0.077,154
10,0.1,2,0.2,0.3,0.0585,117
10,0.1,3,0.2,0.3,0.0355,71
10,0.1,4,0.2,0.3,0.4885,977
10,0.1,5,0.2,0.3,0.2025,405
10,0.1,6,0.2,0.3,0.0675,135
10,0.1,7,0.2,0.3,0.397,794
10,0.1,8,0.2,0.3,0.1435,287
10,0.1,9,0.2,0.3,0.2085,417
10,0.1,10,0.2,0.3,0.03,60
10,0.1,1,0.2,0.5,0.1885,377
10,0.1,2,0.2,0.5,0.0485,97
10,0.1,3,0.2,0.5,0.1295,259
10,0.1,4,0.2,0.5,0.159,318
10,0.1,5,0.2,0.5,0.6485,1297
10,0.1,6,0.2,0.5,0.454,908
10,0.1,7,0.2,0.5,0.0165,33
10,0.1,8,0.2,0.5,0.3555,711
10,0.1,9,0.2,0.5,0.101,202
10,0.1,10,0.2,0.5,0.2365,473
10,0.1,1,0.2,0.7,0.0895,179
10,0.1,2,0.2,0.7,0.8405,1681
10,0.1,3,0.2,0.7,0.86,1720
10,0.1,4,0.2,0.7,0.0275,55
10,0.1,5,0.2,0.7,0.2445,489
10,0.1,6,0.2,0.7,0.149,298
10,0.1,7,0.2,0.7,0.265,530
10,0.1,8,0.2,0.7,0.41,820
10,0.1,9,0.2,0.7,0.08,160
10,0.1,10,0.2,0.7,0.871,1742
10,0,1,0.2,0.3,0.556,1112
10,0,2,0.2,0.3,0.246,492
10,0,3,0.2,0.3,0.3435,687
10,0,4,0.2,0.3,0.739,1478
10,0,5,0.2,0.3,0.574,1148
10,0,6,0.2,0.3,0.3155,631
10,0,7,0.2,0.3,0.1215,243
10,0,8,0.2,0.3,0.573,1146
10,0,9,0.2,0.3,0.217,434
10,0,10,0.2,0.3,0.792,1584
10,0,1,0.2,0.5,0.1795,359
10,0,2,0.2,0.5,0.39,780
10,0,3,0.2,0.5,0.2525,505
10,0,4,0.2,0.5,0.223,446
10,0,5,0.2,0.5,0.3425,685
10,0,6,0.2,0.5,0.9825,1965
10,0,7,0.2,0.5,0.763,1526
10,0,8,0.2,0.5,0.611,1222
10,0,9,0.2,0.5,0.4035,807
10,0,10,0.2,0.5,0.8455,1691
10,0,1,0.2,0.7,0.5255,1051
10,0,2,0.2,0.7,0.5935,1187
10,0,3,0.2,0.7,0.9325,1865
10,0,4,0.2,0.7,0.2045,409
10,0,5,0.2,0.7,0.2675,535
10,0,6,0.2,0.7,0.9465,1893
10,0,7,0.2,0.7,0.284,568
10,0,8,0.2,0.7,0.682,1364
10,0,9,0.2,0.7,0.1405,281
10,0,10,0.2,0.7,0.262,524
20,0.3,1,0.2,0.3,5E-04,1
20,0.3,2,0.2,0.3,0,0
20,0.3,3,0.2,0.3,0.001,2
20,0.3,4,0.2,0.3,0,0
20,0.3,5,0.2,0.3,0,0
20,0.3,6,0.2,0.3,0.013,26
20,0.3,7,0.2,0.3,0.001,2
20,0.3,8,0.2,0.3,5E-04,1
20,0.3,9,0.2,0.3,0.004,8
20,0.3,10,0.2,0.3,0,0
20,0.3,1,0.2,0.5,5E-04,1
20,0.3,2,0.2,0.5,0,0
20,0.3,3,0.2,0.5,0,0
20,0.3,4,0.2,0.5,0,0
20,0.3,5,0.2,0.5,0,0
20,0.3,6,0.2,0.5,5E-04,1
20,0.3,7,0.2,0.5,0,0
20,0.3,8,0.2,0.5,0.0405,81
20,0.3,9,0.2,0.5,0,0
20,0.3,10,0.2,0.5,0,0
20,0.3,1,0.2,0.7,0,0
20,0.3,2,0.2,0.7,0,0
20,0.3,3,0.2,0.7,0,0
20,0.3,4,0.2,0.7,0,0
20,0.3,5,0.2,0.7,0.0015,3
20,0.3,6,0.2,0.7,0,0
20,0.3,7,0.2,0.7,0,0
20,0.3,8,0.2,0.7,0,0
20,0.3,9,0.2,0.7,5E-04,1
20,0.3,10,0.2,0.7,0,0
20,0.25,1,0.2,0.3,0.001,2
20,0.25,2,0.2,0.3,0.001,2
20,0.25,3,0.2,0.3,0,0
20,0.25,4,0.2,0.3,0.001,2
20,0.25,5,0.2,0.3,0.001,2
20,0.25,6,0.2,0.3,0,0
20,0.25,7,0.2,0.3,0.011,22
20,0.25,8,0.2,0.3,0.004,8
20,0.25,9,0.2,0.3,0.0105,21
20,0.25,10,0.2,0.3,0.008,16
20,0.25,1,0.2,0.5,0,0
20,0.25,2,0.2,0.5,0,0
20,0.25,3,0.2,0.5,5E-04,1
20,0.25,4,0.2,0.5,0.0015,3
20,0.25,5,0.2,0.5,0,0
20,0.25,6,0.2,0.5,0,0
20,0.25,7,0.2,0.5,0.011,22
20,0.25,8,0.2,0.5,0,0
20,0.25,9,0.2,0.5,5E-04,1
20,0.25,10,0.2,0.5,0.001,2
20,0.25,1,0.2,0.7,0.001,2
20,0.25,2,0.2,0.7,0,0
20,0.25,3,0.2,0.7,0,0
20,0.25,4,0.2,0.7,0.0145,29
20,0.25,5,0.2,0.7,0,0
20,0.25,6,0.2,0.7,0.0015,3
20,0.25,7,0.2,0.7,0.002,4
20,0.25,8,0.2,0.7,0,0
20,0.25,9,0.2,0.7,0.004,8
20,0.25,10,0.2,0.7,0,0
20,0.2,1,0.2,0.3,0,0
20,0.2,2,0.2,0.3,0.07,140
20,0.2,3,0.2,0.3,0.012,24
20,0.2,4,0.2,0.3,0.002,4
20,0.2,5,0.2,0.3,0,0
20,0.2,6,0.2,0.3,0,0
20,0.2,7,0.2,0.3,0.0175,35
20,0.2,8,0.2,0.3,5E-04,1
20,0.2,9,0.2,0.3,0.003,6
20,0.2,10,0.2,0.3,0.002,4
20,0.2,1,0.2,0.5,0.0225,45
20,0.2,2,0.2,0.5,0,0
20,0.2,3,0.2,0.5,0.006,12
20,0.2,4,0.2,0.5,0.007,14
20,0.2,5,0.2,0.5,0,0
20,0.2,6,0.2,0.5,0.0395,79
20,0.2,7,0.2,0.5,0.0015,3
20,0.2,8,0.2,0.5,0.007,14
20,0.2,9,0.2,0.5,0.0085,17
20,0.2,10,0.2,0.5,0.012,24
20,0.2,1,0.2,0.7,5E-04,1
20,0.2,2,0.2,0.7,0.001,2
20,0.2,3,0.2,0.7,0.0025,5
20,0.2,4,0.2,0.7,0.003,6
20,0.2,5,0.2,0.7,0.2035,407
20,0.2,6,0.2,0.7,0.009,18
20,0.2,7,0.2,0.7,0.013,26
20,0.2,8,0.2,0.7,0.0015,3
20,0.2,9,0.2,0.7,5E-04,1
20,0.2,10,0.2,0.7,0.003,6
20,0.15,1,0.2,0.3,0.015,30
20,0.15,2,0.2,0.3,0.0475,95
20,0.15,3,0.2,0.3,5E-04,1
20,0.15,4,0.2,0.3,0.03,60
20,0.15,5,0.2,0.3,0.1435,287
20,0.15,6,0.2,0.3,0.004,8
20,0.15,7,0.2,0.3,0.1815,363
20,0.15,8,0.2,0.3,0.0045,9
20,0.15,9,0.2,0.3,0,0
20,0.15,10,0.2,0.3,0.0045,9
20,0.15,1,0.2,0.5,0,0
20,0.15,2,0.2,0.5,0.0235,47
20,0.15,3,0.2,0.5,0.1745,349
20,0.15,4,0.2,0.5,0.041,82
20,0.15,5,0.2,0.5,0.344,688
20,0.15,6,0.2,0.5,0.124,248
20,0.15,7,0.2,0.5,0.055,110
20,0.15,8,0.2,0.5,0.003,6
20,0.15,9,0.2,0.5,0.066,132
20,0.15,10,0.2,0.5,0.0065,13
20,0.15,1,0.2,0.7,0.001,2
20,0.15,2,0.2,0.7,0.0025,5
20,0.15,3,0.2,0.7,0.0055,11
20,0.15,4,0.2,0.7,0.016,32
20,0.15,5,0.2,0.7,0,0
20,0.15,6,0.2,0.7,0.0255,51
20,0.15,7,0.2,0.7,0.016,32
20,0.15,8,0.2,0.7,0.0055,11
20,0.15,9,0.2,0.7,0.0785,157
20,0.15,10,0.2,0.7,0.297,594
20,0.1,1,0.2,0.3,0.1995,399
20,0.1,2,0.2,0.3,0.0115,23
20,0.1,3,0.2,0.3,0.1625,325
20,0.1,4,0.2,0.3,0.4735,947
20,0.1,5,0.2,0.3,0.177,354
20,0.1,6,0.2,0.3,0.012,24
20,0.1,7,0.2,0.3,0.0255,51
20,0.1,8,0.2,0.3,0.2735,547
20,0.1,9,0.2,0.3,0.3195,639
20,0.1,10,0.2,0.3,0.0285,57
20,0.1,1,0.2,0.5,0.0155,31
20,0.1,2,0.2,0.5,0.2705,541
20,0.1,3,0.2,0.5,0.0995,199
20,0.1,4,0.2,0.5,0.222,444
20,0.1,5,0.2,0.5,0.002,4
20,0.1,6,0.2,0.5,0.0155,31
20,0.1,7,0.2,0.5,0.0925,185
20,0.1,8,0.2,0.5,0.3035,607
20,0.1,9,0.2,0.5,0.077,154
20,0.1,10,0.2,0.5,0.004,8
20,0.1,1,0.2,0.7,0.0225,45
20,0.1,2,0.2,0.7,0.738,1476
20,0.1,3,0.2,0.7,0.0185,37
20,0.1,4,0.2,0.7,0.0625,125
20,0.1,5,0.2,0.7,0.224,448
20,0.1,6,0.2,0.7,0.026,52
20,0.1,7,0.2,0.7,0,0
20,0.1,8,0.2,0.7,0.019,38
20,0.1,9,0.2,0.7,0.0395,79
20,0.1,10,0.2,0.7,0.054,108
20,0,1,0.2,0.3,0.831,1662
20,0,2,0.2,0.3,0.4125,825
20,0,3,0.2,0.3,0.211,422
20,0,4,0.2,0.3,0.28,560
20,0,5,0.2,0.3,0.8205,1641
20,0,6,0.2,0.3,0.793,1586
20,0,7,0.2,0.3,0.7035,1407
20,0,8,0.2,0.3,0.4455,891
20,0,9,0.2,0.3,0.05,100
20,0,10,0.2,0.3,0.77,1540
20,0,1,0.2,0.5,0.2345,469
20,0,2,0.2,0.5,0.5795,1159
20,0,3,0.2,0.5,0.4605,921
20,0,4,0.2,0.5,0.5855,1171
20,0,5,0.2,0.5,0.5425,1085
20,0,6,0.2,0.5,0.4185,837
20,0,7,0.2,0.5,0.2885,577
20,0,8,0.2,0.5,0.444,888
20,0,9,0.2,0.5,0.613,1226
20,0,10,0.2,0.5,0.463,926
20,0,1,0.2,0.7,0.9425,1885
20,0,2,0.2,0.7,0.2525,505
20,0,3,0.2,0.7,0.309,618
20,0,4,0.2,0.7,0.4265,853
20,0,5,0.2,0.7,0.575,1150
20,0,6,0.2,0.7,0.278,556
20,0,7,0.2,0.7,0.3095,619
20,0,8,0.2,0.7,0.402,804
20,0,9,0.2,0.7,0.432,864
20,0,10,0.2,0.7,0.2065,413
30,0.3,1,0.2,0.3,0,0
30,0.3,2,0.2,0.3,0,0
30,0.3,3,0.2,0.3,0,0
30,0.3,4,0.2,0.3,0,0
30,0.3,5,0.2,0.3,0,0
30,0.3,6,0.2,0.3,0,0
30,0.3,7,0.2,0.3,0,0
30,0.3,8,0.2,0.3,5E-04,1
30,0.3,9,0.2,0.3,0,0
30,0.3,10,0.2,0.3,0,0
30,0.3,1,0.2,0.5,0,0
30,0.3,2,0.2,0.5,0,0
30,0.3,3,0.2,0.5,0,0
30,0.3,4,0.2,0.5,0,0
30,0.3,5,0.2,0.5,0,0
30,0.3,6,0.2,0.5,0,0
30,0.3,7,0.2,0.5,0,0
30,0.3,8,0.2,0.5,0.001,2
30,0.3,9,0.2,0.5,0,0
30,0.3,10,0.2,0.5,0,0
30,0.3,1,0.2,0.7,0,0
30,0.3,2,0.2,0.7,0,0
30,0.3,3,0.2,0.7,0,0
30,0.3,4,0.2,0.7,0,0
30,0.3,5,0.2,0.7,0,0
30,0.3,6,0.2,0.7,0,0
30,0.3,7,0.2,0.7,0,0
30,0.3,8,0.2,0.7,0,0
30,0.3,9,0.2,0.7,0,0
30,0.3,10,0.2,0.7,0,0
30,0.25,1,0.2,0.3,0,0
30,0.25,2,0.2,0.3,5E-04,1
30,0.25,3,0.2,0.3,0,0
30,0.25,4,0.2,0.3,0,0
30,0.25,5,0.2,0.3,0.0015,3
30,0.25,6,0.2,0.3,0,0
30,0.25,7,0.2,0.3,0.0015,3
30,0.25,8,0.2,0.3,0,0
30,0.25,9,0.2,0.3,0,0
30,0.25,10,0.2,0.3,0.0015,3
30,0.25,1,0.2,0.5,0,0
30,0.25,2,0.2,0.5,0,0
30,0.25,3,0.2,0.5,0,0
30,0.25,4,0.2,0.5,0,0
30,0.25,5,0.2,0.5,0,0
30,0.25,6,0.2,0.5,0,0
30,0.25,7,0.2,0.5,0,0
30,0.25,8,0.2,0.5,0,0
30,0.25,9,0.2,0.5,0,0
30,0.25,10,0.2,0.5,5E-04,1
30,0.25,1,0.2,0.7,0,0
30,0.25,2,0.2,0.7,0.001,2
30,0.25,3,0.2,0.7,0,0
30,0.25,4,0.2,0.7,0,0
30,0.25,5,0.2,0.7,0,0
30,0.25,6,0.2,0.7,0,0
30,0.25,7,0.2,0.7,0.001,2
30,0.25,8,0.2,0.7,0,0
30,0.25,9,0.2,0.7,0,0
30,0.25,10,0.2,0.7,5E-04,1
30,0.2,1,0.2,0.3,0.0065,13
30,0.2,2,0.2,0.3,0,0
30,0.2,3,0.2,0.3,0,0
30,0.2,4,0.2,0.3,0,0
30,0.2,5,0.2,0.3,0.0045,9
30,0.2,6,0.2,0.3,0,0
30,0.2,7,0.2,0.3,0,0
30,0.2,8,0.2,0.3,5E-04,1
30,0.2,9,0.2,0.3,0,0
30,0.2,10,0.2,0.3,0,0
30,0.2,1,0.2,0.5,0.003,6
30,0.2,2,0.2,0.5,0,0
30,0.2,3,0.2,0.5,0.002,4
30,0.2,4,0.2,0.5,0,0
30,0.2,5,0.2,0.5,0.0075,15
30,0.2,6,0.2,0.5,0.0025,5
30,0.2,7,0.2,0.5,0,0
30,0.2,8,0.2,0.5,0.004,8
30,0.2,9,0.2,0.5,0,0
30,0.2,10,0.2,0.5,5E-04,1
30,0.2,1,0.2,0.7,0.056,112
30,0.2,2,0.2,0.7,0,0
30,0.2,3,0.2,0.7,0,0
30,0.2,4,0.2,0.7,0,0
30,0.2,5,0.2,0.7,0,0
30,0.2,6,0.2,0.7,0.011,22
30,0.2,7,0.2,0.7,0,0
30,0.2,8,0.2,0.7,0,0
30,0.2,9,0.2,0.7,0.001,2
30,0.2,10,0.2,0.7,5E-04,1
30,0.15,1,0.2,0.3,0.0045,9
30,0.15,2,0.2,0.3,5E-04,1
30,0.15,3,0.2,0.3,0.0095,19
30,0.15,4,0.2,0.3,0.01,20
30,0.15,5,0.2,0.3,0.0095,19
30,0.15,6,0.2,0.3,0.0595,119
30,0.15,7,0.2,0.3,0.005,10
30,0.15,8,0.2,0.3,0.001,2
30,0.15,9,0.2,0.3,0.001,2
30,0.15,10,0.2,0.3,0.0335,67
30,0.15,1,0.2,0.5,0.2225,445
30,0.15,2,0.2,0.5,0.001,2
30,0.15,3,0.2,0.5,0.007,14
30,0.15,4,0.2,0.5,0,0
30,0.15,5,0.2,0.5,0.02,40
30,0.15,6,0.2,0.5,0.0635,127
30,0.15,7,0.2,0.5,5E-04,1
30,0.15,8,0.2,0.5,0,0
30,0.15,9,0.2,0.5,0.0405,81
30,0.15,10,0.2,0.5,5E-04,1
30,0.15,1,0.2,0.7,0.0055,11
30,0.15,2,0.2,0.7,0.0045,9
30,0.15,3,0.2,0.7,0,0
30,0.15,4,0.2,0.7,0,0
30,0.15,5,0.2,0.7,0.0025,5
30,0.15,6,0.2,0.7,0.011,22
30,0.15,7,0.2,0.7,0,0
30,0.15,8,0.2,0.7,0.024,48
30,0.15,9,0.2,0.7,0,0
30,0.15,10,0.2,0.7,0.0015,3
30,0.1,1,0.2,0.3,0.139,278
30,0.1,2,0.2,0.3,0.035,70
30,0.1,3,0.2,0.3,0.2445,489
30,0.1,4,0.2,0.3,0.0865,173
30,0.1,5,0.2,0.3,0.067,134
30,0.1,6,0.2,0.3,0.0315,63
30,0.1,7,0.2,0.3,0.061,122
30,0.1,8,0.2,0.3,0.1845,369
30,0.1,9,0.2,0.3,0.3105,621
30,0.1,10,0.2,0.3,0.095,190
30,0.1,1,0.2,0.5,0.0205,41
30,0.1,2,0.2,0.5,0.106,212
30,0.1,3,0.2,0.5,0.005,10
30,0.1,4,0.2,0.5,0.0975,195
30,0.1,5,0.2,0.5,0.003,6
30,0.1,6,0.2,0.5,0.0235,47
30,0.1,7,0.2,0.5,0.0465,93
30,0.1,8,0.2,0.5,0.0225,45
30,0.1,9,0.2,0.5,0.012,24
30,0.1,10,0.2,0.5,0.015,30
30,0.1,1,0.2,0.7,0.0485,97
30,0.1,2,0.2,0.7,0.093,186
30,0.1,3,0.2,0.7,0.032,64
30,0.1,4,0.2,0.7,0,0
30,0.1,5,0.2,0.7,0.168,336
30,0.1,6,0.2,0.7,0.002,4
30,0.1,7,0.2,0.7,0.0325,65
30,0.1,8,0.2,0.7,5E-04,1
30,0.1,9,0.2,0.7,0.019,38
30,0.1,10,0.2,0.7,0.0595,119
30,0,1,0.2,0.3,0.8905,1781
30,0,2,0.2,0.3,0.8765,1753
30,0,3,0.2,0.3,0.8665,1733
30,0,4,0.2,0.3,0.144,288
30,0,5,0.2,0.3,0.234,468
30,0,6,0.2,0.3,0.9105,1821
30,0,7,0.2,0.3,0.138,276
30,0,8,0.2,0.3,0.554,1108
30,0,9,0.2,0.3,0.6255,1251
30,0,10,0.2,0.3,0.8475,1695
30,0,1,0.2,0.5,0.858,1716
30,0,2,0.2,0.5,0.4905,981
30,0,3,0.2,0.5,0.643,1286
30,0,4,0.2,0.5,0.806,1612
30,0,5,0.2,0.5,0.7445,1489
30,0,6,0.2,0.5,0.575,1150
30,0,7,0.2,0.5,0.698,1396
30,0,8,0.2,0.5,0.7925,1585
30,0,9,0.2,0.5,0.302,604
30,0,10,0.2,0.5,0.313,626
30,0,1,0.2,0.7,0.237,474
30,0,2,0.2,0.7,0.4515,903
30,0,3,0.2,0.7,0.2245,449
30,0,4,0.2,0.7,0.1295,259
30,0,5,0.2,0.7,0.182,364
30,0,6,0.2,0.7,0.6775,1355
30,0,7,0.2,0.7,0.006,12
30,0,8,0.2,0.7,0.43,860
30,0,9,0.2,0.7,0.8185,1637
30,0,10,0.2,0.7,0.322,644
40,0.3,1,0.2,0.3,0,0
40,0.3,2,0.2,0.3,0,0
40,0.3,3,0.2,0.3,0,0
40,0.3,4,0.2,0.3,0,0
40,0.3,5,0.2,0.3,0,0
40,0.3,6,0.2,0.3,0,0
40,0.3,7,0.2,0.3,0,0
40,0.3,8,0.2,0.3,0,0
40,0.3,9,0.2,0.3,0,0
40,0.3,10,0.2,0.3,0,0
40,0.3,1,0.2,0.5,0,0
40,0.3,2,0.2,0.5,0,0
40,0.3,3,0.2,0.5,0,0
40,0.3,4,0.2,0.5,0,0
40,0.3,5,0.2,0.5,0,0
40,0.3,6,0.2,0.5,0,0
40,0.3,7,0.2,0.5,0,0
40,0.3,8,0.2,0.5,0,0
40,0.3,9,0.2,0.5,0,0
40,0.3,10,0.2,0.5,0,0
40,0.3,1,0.2,0.7,0,0
40,0.3,2,0.2,0.7,0,0
40,0.3,3,0.2,0.7,0,0
40,0.3,4,0.2,0.7,0,0
40,0.3,5,0.2,0.7,0,0
40,0.3,6,0.2,0.7,0,0
40,0.3,7,0.2,0.7,0,0
40,0.3,8,0.2,0.7,0,0
40,0.3,9,0.2,0.7,0,0
40,0.3,10,0.2,0.7,0,0
40,0.25,1,0.2,0.3,0,0
40,0.25,2,0.2,0.3,0,0
40,0.25,3,0.2,0.3,0,0
40,0.25,4,0.2,0.3,0,0
40,0.25,5,0.2,0.3,0,0
40,0.25,6,0.2,0.3,0,0
40,0.25,7,0.2,0.3,0,0
40,0.25,8,0.2,0.3,0,0
40,0.25,9,0.2,0.3,0,0
40,0.25,10,0.2,0.3,0,0
40,0.25,1,0.2,0.5,0,0
40,0.25,2,0.2,0.5,0,0
40,0.25,3,0.2,0.5,0,0
40,0.25,4,0.2,0.5,0.001,2
40,0.25,5,0.2,0.5,0,0
40,0.25,6,0.2,0.5,0,0
40,0.25,7,0.2,0.5,0,0
40,0.25,8,0.2,0.5,0,0
40,0.25,9,0.2,0.5,0,0
40,0.25,10,0.2,0.5,0,0
40,0.25,1,0.2,0.7,0,0
40,0.25,2,0.2,0.7,0,0
40,0.25,3,0.2,0.7,0,0
40,0.25,4,0.2,0.7,0,0
40,0.25,5,0.2,0.7,0,0
40,0.25,6,0.2,0.7,0,0
40,0.25,7,0.2,0.7,0,0
40,0.25,8,0.2,0.7,0,0
40,0.25,9,0.2,0.7,0,0
40,0.25,10,0.2,0.7,0,0
40,0.2,1,0.2,0.3,5E-04,1
40,0.2,2,0.2,0.3,0,0
40,0.2,3,0.2,0.3,0,0
40,0.2,4,0.2,0.3,0,0
40,0.2,5,0.2,0.3,5E-04,1
40,0.2,6,0.2,0.3,0,0
40,0.2,7,0.2,0.3,5E-04,1
40,0.2,8,0.2,0.3,0,0
40,0.2,9,0.2,0.3,0.0045,9
40,0.2,10,0.2,0.3,0,0
40,0.2,1,0.2,0.5,5E-04,1
40,0.2,2,0.2,0.5,0,0
40,0.2,3,0.2,0.5,0,0
40,0.2,4,0.2,0.5,0,0
40,0.2,5,0.2,0.5,0,0
40,0.2,6,0.2,0.5,0.007,14
40,0.2,7,0.2,0.5,0.001,2
40,0.2,8,0.2,0.5,0,0
40,0.2,9,0.2,0.5,0,0
40,0.2,10,0.2,0.5,0,0
40,0.2,1,0.2,0.7,0,0
40,0.2,2,0.2,0.7,0,0
40,0.2,3,0.2,0.7,0,0
40,0.2,4,0.2,0.7,0,0
40,0.2,5,0.2,0.7,0,0
40,0.2,6,0.2,0.7,0,0
40,0.2,7,0.2,0.7,0,0
40,0.2,8,0.2,0.7,0,0
40,0.2,9,0.2,0.7,0,0
40,0.2,10,0.2,0.7,0,0
40,0.15,1,0.2,0.3,5E-04,1
40,0.15,2,0.2,0.3,0.01,20
40,0.15,3,0.2,0.3,0.0015,3
40,0.15,4,0.2,0.3,0,0
40,0.15,5,0.2,0.3,0,0
40,0.15,6,0.2,0.3,0.057,114
40,0.15,7,0.2,0.3,0.034,68
40,0.15,8,0.2,0.3,0.0055,11
40,0.15,9,0.2,0.3,0.0015,3
40,0.15,10,0.2,0.3,0.1035,207
40,0.15,1,0.2,0.5,0,0
40,0.15,2,0.2,0.5,0,0
40,0.15,3,0.2,0.5,0.0265,53
40,0.15,4,0.2,0.5,0.002,4
40,0.15,5,0.2,0.5,0,0
40,0.15,6,0.2,0.5,0.001,2
40,0.15,7,0.2,0.5,0,0
40,0.15,8,0.2,0.5,0,0
40,0.15,9,0.2,0.5,0,0
40,0.15,10,0.2,0.5,5E-04,1
40,0.15,1,0.2,0.7,0.001,2
40,0.15,2,0.2,0.7,0,0
40,0.15,3,0.2,0.7,0,0
40,0.15,4,0.2,0.7,0,0
40,0.15,5,0.2,0.7,0.002,4
40,0.15,6,0.2,0.7,0,0
40,0.15,7,0.2,0.7,0.0015,3
40,0.15,8,0.2,0.7,0.0025,5
40,0.15,9,0.2,0.7,0,0
40,0.15,10,0.2,0.7,0,0
40,0.1,1,0.2,0.3,0.301,602
40,0.1,2,0.2,0.3,0.001,2
40,0.1,3,0.2,0.3,0.0455,91
40,0.1,4,0.2,0.3,0,0
40,0.1,5,0.2,0.3,0.0045,9
40,0.1,6,0.2,0.3,0.036,72
40,0.1,7,0.2,0.3,0.0265,53
40,0.1,8,0.2,0.3,0.02,40
40,0.1,9,0.2,0.3,0.1605,321
40,0.1,10,0.2,0.3,0.175,350
40,0.1,1,0.2,0.5,5E-04,1
40,0.1,2,0.2,0.5,0.0015,3
40,0.1,3,0.2,0.5,0.017,34
40,0.1,4,0.2,0.5,0.0205,41
40,0.1,5,0.2,0.5,0.0695,139
40,0.1,6,0.2,0.5,0.0015,3
40,0.1,7,0.2,0.5,0.0145,29
40,0.1,8,0.2,0.5,0.077,154
40,0.1,9,0.2,0.5,0.0475,95
40,0.1,10,0.2,0.5,0.014,28
40,0.1,1,0.2,0.7,0.2235,447
40,0.1,2,0.2,0.7,0.0015,3
40,0.1,3,0.2,0.7,0.0255,51
40,0.1,4,0.2,0.7,0.304,608
40,0.1,5,0.2,0.7,0,0
40,0.1,6,0.2,0.7,0.0045,9
40,0.1,7,0.2,0.7,0.003,6
40,0.1,8,0.2,0.7,0.0055,11
40,0.1,9,0.2,0.7,0.028,56
40,0.1,10,0.2,0.7,5E-04,1
40,0,1,0.2,0.3,0.212,424
40,0,2,0.2,0.3,0.907,1814
40,0,3,0.2,0.3,0.228,456
40,0,4,0.2,0.3,0.0455,91
40,0,5,0.2,0.3,0.744,1488
40,0,6,0.2,0.3,0.4245,849
40,0,7,0.2,0.3,0.162,324
40,0,8,0.2,0.3,0.6655,1331
40,0,9,0.2,0.3,0.421,842
40,0,10,0.2,0.3,0.794,1588
40,0,1,0.2,0.5,0.1135,227
40,0,2,0.2,0.5,0.059,118
40,0,3,0.2,0.5,0.4225,845
40,0,4,0.2,0.5,0.905,1810
40,0,5,0.2,0.5,0.2155,431
40,0,6,0.2,0.5,0.8135,1627
40,0,7,0.2,0.5,0.478,956
40,0,8,0.2,0.5,0.4255,851
40,0,9,0.2,0.5,0.982,1964
40,0,10,0.2,0.5,0.1695,339
40,0,1,0.2,0.7,0.6235,1247
40,0,2,0.2,0.7,0.032,64
40,0,3,0.2,0.7,0.1475,295
40,0,4,0.2,0.7,0.0865,173
40,0,5,0.2,0.7,0.3705,741
40,0,6,0.2,0.7,0.9185,1837
40,0,7,0.2,0.7,0.2465,493
40,0,8,0.2,0.7,0.256,512
40,0,9,0.2,0.7,0.918,1836
40,0,10,0.2,0.7,0.315,630
60,0.3,1,0.2,0.3,0,0
60,0.3,2,0.2,0.3,0,0
60,0.3,3,0.2,0.3,0,0
60,0.3,4,0.2,0.3,0,0
60,0.3,5,0.2,0.3,0,0
60,0.3,6,0.2,0.3,0,0
60,0.3,7,0.2,0.3,0,0
60,0.3,8,0.2,0.3,0,0
60,0.3,9,0.2,0.3,0,0
60,0.3,10,0.2,0.3,0,0
60,0.3,1,0.2,0.5,0,0
60,0.3,2,0.2,0.5,0,0
60,0.3,3,0.2,0.5,0,0
60,0.3,4,0.2,0.5,0,0
60,0.3,5,0.2,0.5,0,0
60,0.3,6,0.2,0.5,0,0
60,0.3,7,0.2,0.5,0,0
60,0.3,8,0.2,0.5,0,0
60,0.3,9,0.2,0.5,0,0
60,0.3,10,0.2,0.5,0,0
60,0.3,1,0.2,0.7,0,0
60,0.3,2,0.2,0.7,0,0
60,0.3,3,0.2,0.7,0,0
60,0.3,4,0.2,0.7,0,0
60,0.3,5,0.2,0.7,0,0
60,0.3,6,0.2,0.7,0,0
60,0.3,7,0.2,0.7,0,0
60,0.3,8,0.2,0.7,0,0
60,0.3,9,0.2,0.7,0,0
60,0.3,10,0.2,0.7,0,0
60,0.25,1,0.2,0.3,0,0
60,0.25,2,0.2,0.3,0,0
60,0.25,3,0.2,0.3,0,0
60,0.25,4,0.2,0.3,0,0
60,0.25,5,0.2,0.3,0,0
60,0.25,6,0.2,0.3,0,0
60,0.25,7,0.2,0.3,0,0
60,0.25,8,0.2,0.3,0,0
60,0.25,9,0.2,0.3,0,0
60,0.25,10,0.2,0.3,0,0
60,0.25,1,0.2,0.5,0,0
60,0.25,2,0.2,0.5,0,0
60,0.25,3,0.2,0.5,0,0
60,0.25,4,0.2,0.5,0,0
60,0.25,5,0.2,0.5,0,0
60,0.25,6,0.2,0.5,0,0
60,0.25,7,0.2,0.5,0,0
60,0.25,8,0.2,0.5,0,0
60,0.25,9,0.2,0.5,0,0
60,0.25,10,0.2,0.5,0,0
60,0.25,1,0.2,0.7,0,0
60,0.25,2,0.2,0.7,0,0
60,0.25,3,0.2,0.7,0,0
60,0.25,4,0.2,0.7,0,0
60,0.25,5,0.2,0.7,0,0
60,0.25,6,0.2,0.7,0,0
60,0.25,7,0.2,0.7,0,0
60,0.25,8,0.2,0.7,0,0
60,0.25,9,0.2,0.7,0,0
60,0.25,10,0.2,0.7,0,0
60,0.2,1,0.2,0.3,0,0
60,0.2,2,0.2,0.3,0,0
60,0.2,3,0.2,0.3,0.001,2
60,0.2,4,0.2,0.3,0,0
60,0.2,5,0.2,0.3,0,0
60,0.2,6,0.2,0.3,0,0
60,0.2,7,0.2,0.3,0,0
60,0.2,8,0.2,0.3,0,0
60,0.2,9,0.2,0.3,0,0
60,0.2,10,0.2,0.3,0,0
60,0.2,1,0.2,0.5,0,0
60,0.2,2,0.2,0.5,0,0
60,0.2,3,0.2,0.5,0,0
60,0.2,4,0.2,0.5,0,0
60,0.2,5,0.2,0.5,0,0
60,0.2,6,0.2,0.5,0,0
60,0.2,7,0.2,0.5,0,0
60,0.2,8,0.2,0.5,0,0
60,0.2,9,0.2,0.5,0,0
60,0.2,10,0.2,0.5,0,0
60,0.2,1,0.2,0.7,0,0
60,0.2,2,0.2,0.7,0,0
60,0.2,3,0.2,0.7,0,0
60,0.2,4,0.2,0.7,0,0
60,0.2,5,0.2,0.7,0,0
60,0.2,6,0.2,0.7,0,0
60,0.2,7,0.2,0.7,0,0
60,0.2,8,0.2,0.7,0,0
60,0.2,9,0.2,0.7,0,0
60,0.2,10,0.2,0.7,0,0
60,0.15,1,0.2,0.3,0.0205,41
60,0.15,2,0.2,0.3,0.01,20
60,0.15,3,0.2,0.3,0.0395,79
60,0.15,4,0.2,0.3,0,0
60,0.15,5,0.2,0.3,0,0
60,0.15,6,0.2,0.3,0,0
60,0.15,7,0.2,0.3,5E-04,1
60,0.15,8,0.2,0.3,5E-04,1
60,0.15,9,0.2,0.3,0.002,4
60,0.15,10,0.2,0.3,0,0
60,0.15,1,0.2,0.5,5E-04,1
60,0.15,2,0.2,0.5,0.0065,13
60,0.15,3,0.2,0.5,0,0
60,0.15,4,0.2,0.5,5E-04,1
60,0.15,5,0.2,0.5,0,0
60,0.15,6,0.2,0.5,0,0
60,0.15,7,0.2,0.5,5E-04,1
60,0.15,8,0.2,0.5,0,0
60,0.15,9,0.2,0.5,0,0
60,0.15,10,0.2,0.5,0,0
60,0.15,1,0.2,0.7,0,0
60,0.15,2,0.2,0.7,0,0
60,0.15,3,0.2,0.7,0,0
60,0.15,4,0.2,0.7,0,0
60,0.15,5,0.2,0.7,0,0
60,0.15,6,0.2,0.7,0,0
60,0.15,7,0.2,0.7,0,0
60,0.15,8,0.2,0.7,0,0
60,0.15,9,0.2,0.7,0,0
60,0.15,10,0.2,0.7,0,0
60,0.1,1,0.2,0.3,5E-04,1
60,0.1,2,0.2,0.3,0.0055,11
60,0.1,3,0.2,0.3,0.012,24
60,0.1,4,0.2,0.3,0.002,4
60,0.1,5,0.2,0.3,0.0015,3
60,0.1,6,0.2,0.3,0.0085,17
60,0.1,7,0.2,0.3,5E-04,1
60,0.1,8,0.2,0.3,0.0015,3
60,0.1,9,0.2,0.3,0,0
60,0.1,10,0.2,0.3,0,0
60,0.1,1,0.2,0.5,0.09,180
60,0.1,2,0.2,0.5,0.0035,7
60,0.1,3,0.2,0.5,0,0
60,0.1,4,0.2,0.5,0,0
60,0.1,5,0.2,0.5,0.01,20
60,0.1,6,0.2,0.5,0,0
60,0.1,7,0.2,0.5,0.0025,5
60,0.1,8,0.2,0.5,5E-04,1
60,0.1,9,0.2,0.5,0.0185,37
60,0.1,10,0.2,0.5,0.001,2
60,0.1,1,0.2,0.7,0,0
60,0.1,2,0.2,0.7,0,0
60,0.1,3,0.2,0.7,5E-04,1
60,0.1,4,0.2,0.7,0.001,2
60,0.1,5,0.2,0.7,0.0025,5
60,0.1,6,0.2,0.7,0,0
60,0.1,7,0.2,0.7,0,0
60,0.1,8,0.2,0.7,0,0
60,0.1,9,0.2,0.7,0.008,16
60,0.1,10,0.2,0.7,0.0085,17
60,0,1,0.2,0.3,0.854,1708
60,0,2,0.2,0.3,0.3995,799
60,0,3,0.2,0.3,0.374,748
60,0,4,0.2,0.3,0.0035,7
60,0,5,0.2,0.3,0.652,1304
60,0,6,0.2,0.3,0.566,1132
60,0,7,0.2,0.3,0.5435,1087
60,0,8,0.2,0.3,0.4815,963
60,0,9,0.2,0.3,0.654,1308
60,0,10,0.2,0.3,0.743,1486
60,0,1,0.2,0.5,0.8055,1611
60,0,2,0.2,0.5,0.526,1052
60,0,3,0.2,0.5,0.38,760
60,0,4,0.2,0.5,0.5985,1197
60,0,5,0.2,0.5,0.713,1426
60,0,6,0.2,0.5,0.106,212
60,0,7,0.2,0.5,0.9355,1871
60,0,8,0.2,0.5,0.8155,1631
60,0,9,0.2,0.5,0.384,768
60,0,10,0.2,0.5,0.916,1832
60,0,1,0.2,0.7,0.017,34
60,0,2,0.2,0.7,0.173,346
60,0,3,0.2,0.7,0.113,226
60,0,4,0.2,0.7,0.6505,1301
60,0,5,0.2,0.7,0.0325,65
60,0,6,0.2,0.7,0.045,90
60,0,7,0.2,0.7,0.289,578
60,0,8,0.2,0.7,0.1195,239
60,0,9,0.2,0.7,0.7675,1535
60,0,10,0.2,0.7,0.448,896