n,changenumber_mean,changenumber_sd,repetition,number_before,proportion_estimates_below_zero,count_estimates_below_zero
10,7,1,1,3,0,0
10,7,1,2,3,0,0
10,7,1,3,3,0,0
10,7,1,4,3,0,0
10,7,1,5,3,0,0
10,7,1,6,3,0,0
10,7,1,7,3,0,0
10,7,1,8,3,0,0
10,7,1,9,3,0,0
10,7,1,10,3,0,0
10,5.5,1,1,4.5,0,0
10,5.5,1,2,4.5,0,0
10,5.5,1,3,4.5,0,0
10,5.5,1,4,4.5,0,0
10,5.5,1,5,4.5,0,0
10,5.5,1,6,4.5,0,0
10,5.5,1,7,4.5,0,0
10,5.5,1,8,4.5,0,0
10,5.5,1,9,4.5,0,0
10,5.5,1,10,4.5,0,0
10,4,1,1,6,0,0
10,4,1,2,6,0,0
10,4,1,3,6,0,0
10,4,1,4,6,0,0
10,4,1,5,6,0,0
10,4,1,6,6,0,0
10,4,1,7,6,0,0
10,4,1,8,6,0,0
10,4,1,9,6,0,0
10,4,1,10,6,0,0
10,6.23,1,1,3,0,0
10,6.23,1,2,3,0,0
10,6.23,1,3,3,0,0
10,6.23,1,4,3,0,0
10,6.23,1,5,3,0,0
10,6.23,1,6,3,0,0
10,6.23,1,7,3,0,0
10,6.23,1,8,3,0,0
10,6.23,1,9,3,0,0
10,6.23,1,10,3,0,0
10,4.895,1,1,4.5,0,0
10,4.895,1,2,4.5,0,0
10,4.895,1,3,4.5,0,0
10,4.895,1,4,4.5,0,0
10,4.895,1,5,4.5,0,0
10,4.895,1,6,4.5,0,0
10,4.895,1,7,4.5,0,0
10,4.895,1,8,4.5,0,0
10,4.895,1,9,4.5,0,0
10,4.895,1,10,4.5,0,0
10,3.56,1,1,6,0,0
10,3.56,1,2,6,0,0
10,3.56,1,3,6,0,0
10,3.56,1,4,6,0,0
10,3.56,1,5,6,0,0
10,3.56,1,6,6,0,0
10,3.56,1,7,6,0,0
10,3.56,1,8,6,0,0
10,3.56,1,9,6,0,0
10,3.56,1,10,6,0,0
10,4.69,1,1,3,0,0
10,4.69,1,2,3,0,0
10,4.69,1,3,3,0,0
10,4.69,1,4,3,0,0
10,4.69,1,5,3,0,0
10,4.69,1,6,3,0,0
10,4.69,1,7,3,0,0
10,4.69,1,8,3,0,0
10,4.69,1,9,3,0,0
10,4.69,1,10,3,0,0
10,3.685,1,1,4.5,0,0
10,3.685,1,2,4.5,0,0
10,3.685,1,3,4.5,0,0
10,3.685,1,4,4.5,0,0
10,3.685,1,5,4.5,0,0
10,3.685,1,6,4.5,0,0
10,3.685,1,7,4.5,0,0
10,3.685,1,8,4.5,0,0
10,3.685,1,9,4.5,0,0
10,3.685,1,10,4.5,0,0
10,2.68,1,1,6,0,0
10,2.68,1,2,6,0,0
10,2.68,1,3,6,0.0205,41
10,2.68,1,4,6,0,0
10,2.68,1,5,6,0,0
10,2.68,1,6,6,0,0
10,2.68,1,7,6,0,0
10,2.68,1,8,6,0,0
10,2.68,1,9,6,5E-04,1
10,2.68,1,10,6,0,0
10,3.08,1,1,3,0,0
10,3.08,1,2,3,0,0
10,3.08,1,3,3,0.002,4
10,3.08,1,4,3,0,0
10,3.08,1,5,3,0,0
10,3.08,1,6,3,0,0
10,3.08,1,7,3,0,0
10,3.08,1,8,3,0,0
10,3.08,1,9,3,0,0
10,3.08,1,10,3,0,0
10,2.42,1,1,4.5,0,0
10,2.42,1,2,4.5,0,0
10,2.42,1,3,4.5,0.0105,21
10,2.42,1,4,4.5,0,0
10,2.42,1,5,4.5,0.003,6
10,2.42,1,6,4.5,0,0
10,2.42,1,7,4.5,0,0
10,2.42,1,8,4.5,0,0
10,2.42,1,9,4.5,0,0
10,2.42,1,10,4.5,0,0
10,1.76,1,1,6,0,0
10,1.76,1,2,6,0,0
10,1.76,1,3,6,5E-04,1
10,1.76,1,4,6,0,0
10,1.76,1,5,6,0,0
10,1.76,1,6,6,0,0
10,1.76,1,7,6,0.005,10
10,1.76,1,8,6,0.001,2
10,1.76,1,9,6,0.001,2
10,1.76,1,10,6,0.0095,19
10,1.54,1,1,3,0,0
10,1.54,1,2,3,0,0
10,1.54,1,3,3,5E-04,1
10,1.54,1,4,3,0.012,24
10,1.54,1,5,3,0,0
10,1.54,1,6,3,0.001,2
10,1.54,1,7,3,0.0035,7
10,1.54,1,8,3,0,0
10,1.54,1,9,3,0.007,14
10,1.54,1,10,3,0,0
10,1.21,1,1,4.5,0,0
10,1.21,1,2,4.5,0.0075,15
10,1.21,1,3,4.5,0,0
10,1.21,1,4,4.5,0.018,36
10,1.21,1,5,4.5,0.09,180
10,1.21,1,6,4.5,0.0025,5
10,1.21,1,7,4.5,0,0
10,1.21,1,8,4.5,0,0
10,1.21,1,9,4.5,0.016,32
10,1.21,1,10,4.5,0.0035,7
10,0.88,1,1,6,0.0015,3
10,0.88,1,2,6,0.0035,7
10,0.88,1,3,6,0.0105,21
10,0.88,1,4,6,0.032,64
10,0.88,1,5,6,0.001,2
10,0.88,1,6,6,0.117,234
10,0.88,1,7,6,5E-04,1
10,0.88,1,8,6,0.0305,61
10,0.88,1,9,6,0.0175,35
10,0.88,1,10,6,0,0
10,0,1,1,3,0.444,888
10,0,1,2,3,0.82,1640
10,0,1,3,3,0.7175,1435
10,0,1,4,3,0.2475,495
10,0,1,5,3,0.6125,1225
10,0,1,6,3,0.967,1934
10,0,1,7,3,0.5405,1081
10,0,1,8,3,0.951,1902
10,0,1,9,3,0.974,1948
10,0,1,10,3,0.804,1608
10,0,1,1,4.5,0.09,180
10,0,1,2,4.5,0.0795,159
10,0,1,3,4.5,0.4525,905
10,0,1,4,4.5,0.419,838
10,0,1,5,4.5,0.384,768
10,0,1,6,4.5,0.5855,1171
10,0,1,7,4.5,0.1455,291
10,0,1,8,4.5,0.0495,99
10,0,1,9,4.5,0.257,514
10,0,1,10,4.5,0.881,1762
10,0,1,1,6,0.2375,475
10,0,1,2,6,0.067,134
10,0,1,3,6,0.2525,505
10,0,1,4,6,0.3055,611
10,0,1,5,6,0.275,550
10,0,1,6,6,0.148,296
10,0,1,7,6,0.4455,891
10,0,1,8,6,0.272,544
10,0,1,9,6,0.8065,1613
10,0,1,10,6,0.1355,271
20,7,1,1,3,0,0
20,7,1,2,3,0,0
20,7,1,3,3,0,0
20,7,1,4,3,0,0
20,7,1,5,3,0,0
20,7,1,6,3,0,0
20,7,1,7,3,0,0
20,7,1,8,3,0,0
20,7,1,9,3,0,0
20,7,1,10,3,0,0
20,5.5,1,1,4.5,0,0
20,5.5,1,2,4.5,0,0
20,5.5,1,3,4.5,0,0
20,5.5,1,4,4.5,0,0
20,5.5,1,5,4.5,0,0
20,5.5,1,6,4.5,0,0
20,5.5,1,7,4.5,0,0
20,5.5,1,8,4.5,0,0
20,5.5,1,9,4.5,0,0
20,5.5,1,10,4.5,0,0
20,4,1,1,6,0,0
20,4,1,2,6,0,0
20,4,1,3,6,0,0
20,4,1,4,6,0,0
20,4,1,5,6,0,0
20,4,1,6,6,0,0
20,4,1,7,6,0,0
20,4,1,8,6,0,0
20,4,1,9,6,0,0
20,4,1,10,6,0,0
20,6.23,1,1,3,0,0
20,6.23,1,2,3,0,0
20,6.23,1,3,3,0,0
20,6.23,1,4,3,0,0
20,6.23,1,5,3,0,0
20,6.23,1,6,3,0,0
20,6.23,1,7,3,0,0
20,6.23,1,8,3,0,0
20,6.23,1,9,3,0,0
20,6.23,1,10,3,0,0
20,4.895,1,1,4.5,0,0
20,4.895,1,2,4.5,0,0
20,4.895,1,3,4.5,0,0
20,4.895,1,4,4.5,0,0
20,4.895,1,5,4.5,0,0
20,4.895,1,6,4.5,0,0
20,4.895,1,7,4.5,0,0
20,4.895,1,8,4.5,0,0
20,4.895,1,9,4.5,0,0
20,4.895,1,10,4.5,0,0
20,3.56,1,1,6,0,0
20,3.56,1,2,6,0,0
20,3.56,1,3,6,0,0
20,3.56,1,4,6,0,0
20,3.56,1,5,6,0,0
20,3.56,1,6,6,0,0
20,3.56,1,7,6,0,0
20,3.56,1,8,6,0,0
20,3.56,1,9,6,0,0
20,3.56,1,10,6,0,0
20,4.69,1,1,3,0,0
20,4.69,1,2,3,0,0
20,4.69,1,3,3,0,0
20,4.69,1,4,3,0,0
20,4.69,1,5,3,0,0
20,4.69,1,6,3,0,0
20,4.69,1,7,3,0,0
20,4.69,1,8,3,0,0
20,4.69,1,9,3,0,0
20,4.69,1,10,3,0,0
20,3.685,1,1,4.5,0,0
20,3.685,1,2,4.5,0,0
20,3.685,1,3,4.5,0,0
20,3.685,1,4,4.5,0,0
20,3.685,1,5,4.5,0,0
20,3.685,1,6,4.5,0,0
20,3.685,1,7,4.5,0,0
20,3.685,1,8,4.5,0,0
20,3.685,1,9,4.5,0,0
20,3.685,1,10,4.5,0,0
20,2.68,1,1,6,0,0
20,2.68,1,2,6,0,0
20,2.68,1,3,6,0,0
20,2.68,1,4,6,0,0
20,2.68,1,5,6,0,0
20,2.68,1,6,6,0,0
20,2.68,1,7,6,0,0
20,2.68,1,8,6,0,0
20,2.68,1,9,6,0,0
20,2.68,1,10,6,0,0
20,3.08,1,1,3,0,0
20,3.08,1,2,3,0,0
20,3.08,1,3,3,0,0
20,3.08,1,4,3,0,0
20,3.08,1,5,3,0,0
20,3.08,1,6,3,0,0
20,3.08,1,7,3,0,0
20,3.08,1,8,3,0,0
20,3.08,1,9,3,0,0
20,3.08,1,10,3,0,0
20,2.42,1,1,4.5,0,0
20,2.42,1,2,4.5,0,0
20,2.42,1,3,4.5,0,0
20,2.42,1,4,4.5,0,0
20,2.42,1,5,4.5,0,0
20,2.42,1,6,4.5,0,0
20,2.42,1,7,4.5,0,0
20,2.42,1,8,4.5,0,0
20,2.42,1,9,4.5,0,0
20,2.42,1,10,4.5,0,0
20,1.76,1,1,6,0,0
20,1.76,1,2,6,0,0
20,1.76,1,3,6,0,0
20,1.76,1,4,6,0,0
20,1.76,1,5,6,0,0
20,1.76,1,6,6,0,0
20,1.76,1,7,6,0,0
20,1.76,1,8,6,0,0
20,1.76,1,9,6,0,0
20,1.76,1,10,6,0,0
20,1.54,1,1,3,0,0
20,1.54,1,2,3,0,0
20,1.54,1,3,3,0,0
20,1.54,1,4,3,0,0
20,1.54,1,5,3,0,0
20,1.54,1,6,3,0,0
20,1.54,1,7,3,0,0
20,1.54,1,8,3,0,0
20,1.54,1,9,3,0,0
20,1.54,1,10,3,0,0
20,1.21,1,1,4.5,0,0
20,1.21,1,2,4.5,0,0
20,1.21,1,3,4.5,5E-04,1
20,1.21,1,4,4.5,0,0
20,1.21,1,5,4.5,0,0
20,1.21,1,6,4.5,0,0
20,1.21,1,7,4.5,0,0
20,1.21,1,8,4.5,0.001,2
20,1.21,1,9,4.5,0,0
20,1.21,1,10,4.5,5E-04,1
20,0.88,1,1,6,0.007,14
20,0.88,1,2,6,5E-04,1
20,0.88,1,3,6,0.001,2
20,0.88,1,4,6,0,0
20,0.88,1,5,6,5E-04,1
20,0.88,1,6,6,0.0115,23
20,0.88,1,7,6,0.0675,135
20,0.88,1,8,6,0.0035,7
20,0.88,1,9,6,0.0015,3
20,0.88,1,10,6,0,0
20,0,1,1,3,0.487,974
20,0,1,2,3,0.0415,83
20,0,1,3,3,0.8015,1603
20,0,1,4,3,0.454,908
20,0,1,5,3,0.2535,507
20,0,1,6,3,0.4325,865
20,0,1,7,3,0.9105,1821
20,0,1,8,3,0.196,392
20,0,1,9,3,0.08,160
20,0,1,10,3,0.103,206
20,0,1,1,4.5,0.771,1542
20,0,1,2,4.5,0.638,1276
20,0,1,3,4.5,0.9665,1933
20,0,1,4,4.5,0.666,1332
20,0,1,5,4.5,0.373,746
20,0,1,6,4.5,0.796,1592
20,0,1,7,4.5,0.421,842
20,0,1,8,4.5,0.7395,1479
20,0,1,9,4.5,0.1805,361
20,0,1,10,4.5,0.103,206
20,0,1,1,6,0.6415,1283
20,0,1,2,6,0.631,1262
20,0,1,3,6,0.9,1800
20,0,1,4,6,0.1345,269
20,0,1,5,6,0.4055,811
20,0,1,6,6,0.6555,1311
20,0,1,7,6,0.158,316
20,0,1,8,6,0.741,1482
20,0,1,9,6,0.484,968
20,0,1,10,6,0.552,1104
30,7,1,1,3,0,0
30,7,1,2,3,0,0
30,7,1,3,3,0,0
30,7,1,4,3,0,0
30,7,1,5,3,0,0
30,7,1,6,3,0,0
30,7,1,7,3,0,0
30,7,1,8,3,0,0
30,7,1,9,3,0,0
30,7,1,10,3,0,0
30,5.5,1,1,4.5,0,0
30,5.5,1,2,4.5,0,0
30,5.5,1,3,4.5,0,0
30,5.5,1,4,4.5,0,0
30,5.5,1,5,4.5,0,0
30,5.5,1,6,4.5,0,0
30,5.5,1,7,4.5,0,0
30,5.5,1,8,4.5,0,0
30,5.5,1,9,4.5,0,0
30,5.5,1,10,4.5,0,0
30,4,1,1,6,0,0
30,4,1,2,6,0,0
30,4,1,3,6,0,0
30,4,1,4,6,0,0
30,4,1,5,6,0,0
30,4,1,6,6,0,0
30,4,1,7,6,0,0
30,4,1,8,6,0,0
30,4,1,9,6,0,0
30,4,1,10,6,0,0
30,6.23,1,1,3,0,0
30,6.23,1,2,3,0,0
30,6.23,1,3,3,0,0
30,6.23,1,4,3,0,0
30,6.23,1,5,3,0,0
30,6.23,1,6,3,0,0
30,6.23,1,7,3,0,0
30,6.23,1,8,3,0,0
30,6.23,1,9,3,0,0
30,6.23,1,10,3,0,0
30,4.895,1,1,4.5,0,0
30,4.895,1,2,4.5,0,0
30,4.895,1,3,4.5,0,0
30,4.895,1,4,4.5,0,0
30,4.895,1,5,4.5,0,0
30,4.895,1,6,4.5,0,0
30,4.895,1,7,4.5,0,0
30,4.895,1,8,4.5,0,0
30,4.895,1,9,4.5,0,0
30,4.895,1,10,4.5,0,0
30,3.56,1,1,6,0,0
30,3.56,1,2,6,0,0
30,3.56,1,3,6,0,0
30,3.56,1,4,6,0,0
30,3.56,1,5,6,0,0
30,3.56,1,6,6,0,0
30,3.56,1,7,6,0,0
30,3.56,1,8,6,0,0
30,3.56,1,9,6,0,0
30,3.56,1,10,6,0,0
30,4.69,1,1,3,0,0
30,4.69,1,2,3,0,0
30,4.69,1,3,3,0,0
30,4.69,1,4,3,0,0
30,4.69,1,5,3,0,0
30,4.69,1,6,3,0,0
30,4.69,1,7,3,0,0
30,4.69,1,8,3,0,0
30,4.69,1,9,3,0,0
30,4.69,1,10,3,0,0
30,3.685,1,1,4.5,0,0
30,3.685,1,2,4.5,0,0
30,3.685,1,3,4.5,0,0
30,3.685,1,4,4.5,0,0
30,3.685,1,5,4.5,0,0
30,3.685,1,6,4.5,0,0
30,3.685,1,7,4.5,0,0
30,3.685,1,8,4.5,0,0
30,3.685,1,9,4.5,0,0
30,3.685,1,10,4.5,0,0
30,2.68,1,1,6,0,0
30,2.68,1,2,6,0,0
30,2.68,1,3,6,0,0
30,2.68,1,4,6,0,0
30,2.68,1,5,6,0,0
30,2.68,1,6,6,0,0
30,2.68,1,7,6,0,0
30,2.68,1,8,6,0,0
30,2.68,1,9,6,0,0
30,2.68,1,10,6,0,0
30,3.08,1,1,3,0,0
30,3.08,1,2,3,0,0
30,3.08,1,3,3,0,0
30,3.08,1,4,3,0,0
30,3.08,1,5,3,0,0
30,3.08,1,6,3,0,0
30,3.08,1,7,3,0,0
30,3.08,1,8,3,0,0
30,3.08,1,9,3,0,0
30,3.08,1,10,3,0,0
30,2.42,1,1,4.5,0,0
30,2.42,1,2,4.5,0,0
30,2.42,1,3,4.5,0,0
30,2.42,1,4,4.5,0,0
30,2.42,1,5,4.5,0,0
30,2.42,1,6,4.5,0,0
30,2.42,1,7,4.5,0,0
30,2.42,1,8,4.5,0,0
30,2.42,1,9,4.5,0,0
30,2.42,1,10,4.5,0,0
30,1.76,1,1,6,0,0
30,1.76,1,2,6,0,0
30,1.76,1,3,6,0,0
30,1.76,1,4,6,0,0
30,1.76,1,5,6,0,0
30,1.76,1,6,6,0,0
30,1.76,1,7,6,0,0
30,1.76,1,8,6,0,0
30,1.76,1,9,6,0,0
30,1.76,1,10,6,0,0
30,1.54,1,1,3,0,0
30,1.54,1,2,3,0,0
30,1.54,1,3,3,0,0
30,1.54,1,4,3,0,0
30,1.54,1,5,3,0,0
30,1.54,1,6,3,0,0
30,1.54,1,7,3,0,0
30,1.54,1,8,3,0,0
30,1.54,1,9,3,0,0
30,1.54,1,10,3,0,0
30,1.21,1,1,4.5,0,0
30,1.21,1,2,4.5,0,0
30,1.21,1,3,4.5,0,0
30,1.21,1,4,4.5,0,0
30,1.21,1,5,4.5,0,0
30,1.21,1,6,4.5,0,0
30,1.21,1,7,4.5,0,0
30,1.21,1,8,4.5,0,0
30,1.21,1,9,4.5,0,0
30,1.21,1,10,4.5,0,0
30,0.88,1,1,6,0.005,10
30,0.88,1,2,6,5E-04,1
30,0.88,1,3,6,0,0
30,0.88,1,4,6,0,0
30,0.88,1,5,6,0.0015,3
30,0.88,1,6,6,0,0
30,0.88,1,7,6,0,0
30,0.88,1,8,6,0,0
30,0.88,1,9,6,0,0
30,0.88,1,10,6,0,0
30,0,1,1,3,0.44,880
30,0,1,2,3,0.123,246
30,0,1,3,3,0.8675,1735
30,0,1,4,3,0.6245,1249
30,0,1,5,3,0.187,374
30,0,1,6,3,0.1,200
30,0,1,7,3,0.1415,283
30,0,1,8,3,0.3705,741
30,0,1,9,3,0.2825,565
30,0,1,10,3,0.488,976
30,0,1,1,4.5,0.6235,1247
30,0,1,2,4.5,0.006,12
30,0,1,3,4.5,0.4545,909
30,0,1,4,4.5,0.035,70
30,0,1,5,4.5,0.84,1680
30,0,1,6,4.5,0.2205,441
30,0,1,7,4.5,0.208,416
30,0,1,8,4.5,0.6175,1235
30,0,1,9,4.5,0.2645,529
30,0,1,10,4.5,0.392,784
30,0,1,1,6,0.96,1920
30,0,1,2,6,0.983,1966
30,0,1,3,6,0.3855,771
30,0,1,4,6,0.0985,197
30,0,1,5,6,0.259,518
30,0,1,6,6,0.2455,491
30,0,1,7,6,0.9055,1811
30,0,1,8,6,0.987,1974
30,0,1,9,6,0.3965,793
30,0,1,10,6,0.306,612
40,7,1,1,3,0,0
40,7,1,2,3,0,0
40,7,1,3,3,0,0
40,7,1,4,3,0,0
40,7,1,5,3,0,0
40,7,1,6,3,0,0
40,7,1,7,3,0,0
40,7,1,8,3,0,0
40,7,1,9,3,0,0
40,7,1,10,3,0,0
40,5.5,1,1,4.5,0,0
40,5.5,1,2,4.5,0,0
40,5.5,1,3,4.5,0,0
40,5.5,1,4,4.5,0,0
40,5.5,1,5,4.5,0,0
40,5.5,1,6,4.5,0,0
40,5.5,1,7,4.5,0,0
40,5.5,1,8,4.5,0,0
40,5.5,1,9,4.5,0,0
40,5.5,1,10,4.5,0,0
40,4,1,1,6,0,0
40,4,1,2,6,0,0
40,4,1,3,6,0,0
40,4,1,4,6,0,0
40,4,1,5,6,0,0
40,4,1,6,6,0,0
40,4,1,7,6,0,0
40,4,1,8,6,0,0
40,4,1,9,6,0,0
40,4,1,10,6,0,0
40,6.23,1,1,3,0,0
40,6.23,1,2,3,0,0
40,6.23,1,3,3,0,0
40,6.23,1,4,3,0,0
40,6.23,1,5,3,0,0
40,6.23,1,6,3,0,0
40,6.23,1,7,3,0,0
40,6.23,1,8,3,0,0
40,6.23,1,9,3,0,0
40,6.23,1,10,3,0,0
40,4.895,1,1,4.5,0,0
40,4.895,1,2,4.5,0,0
40,4.895,1,3,4.5,0,0
40,4.895,1,4,4.5,0,0
40,4.895,1,5,4.5,0,0
40,4.895,1,6,4.5,0,0
40,4.895,1,7,4.5,0,0
40,4.895,1,8,4.5,0,0
40,4.895,1,9,4.5,0,0
40,4.895,1,10,4.5,0,0
40,3.56,1,1,6,0,0
40,3.56,1,2,6,0,0
40,3.56,1,3,6,0,0
40,3.56,1,4,6,0,0
40,3.56,1,5,6,0,0
40,3.56,1,6,6,0,0
40,3.56,1,7,6,0,0
40,3.56,1,8,6,0,0
40,3.56,1,9,6,0,0
40,3.56,1,10,6,0,0
40,4.69,1,1,3,0,0
40,4.69,1,2,3,0,0
40,4.69,1,3,3,0,0
40,4.69,1,4,3,0,0
40,4.69,1,5,3,0,0
40,4.69,1,6,3,0,0
40,4.69,1,7,3,0,0
40,4.69,1,8,3,0,0
40,4.69,1,9,3,0,0
40,4.69,1,10,3,0,0
40,3.685,1,1,4.5,0,0
40,3.685,1,2,4.5,0,0
40,3.685,1,3,4.5,0,0
40,3.685,1,4,4.5,0,0
40,3.685,1,5,4.5,0,0
40,3.685,1,6,4.5,0,0
40,3.685,1,7,4.5,0,0
40,3.685,1,8,4.5,0,0
40,3.685,1,9,4.5,0,0
40,3.685,1,10,4.5,0,0
40,2.68,1,1,6,0,0
40,2.68,1,2,6,0,0
40,2.68,1,3,6,0,0
40,2.68,1,4,6,0,0
40,2.68,1,5,6,0,0
40,2.68,1,6,6,0,0
40,2.68,1,7,6,0,0
40,2.68,1,8,6,0,0
40,2.68,1,9,6,0,0
40,2.68,1,10,6,0,0
40,3.08,1,1,3,0,0
40,3.08,1,2,3,0,0
40,3.08,1,3,3,0,0
40,3.08,1,4,3,0,0
40,3.08,1,5,3,0,0
40,3.08,1,6,3,0,0
40,3.08,1,7,3,0,0
40,3.08,1,8,3,0,0
40,3.08,1,9,3,0,0
40,3.08,1,10,3,0,0
40,2.42,1,1,4.5,0,0
40,2.42,1,2,4.5,0,0
40,2.42,1,3,4.5,0,0
40,2.42,1,4,4.5,0,0
40,2.42,1,5,4.5,0,0
40,2.42,1,6,4.5,0,0
40,2.42,1,7,4.5,0,0
40,2.42,1,8,4.5,0,0
40,2.42,1,9,4.5,0,0
40,2.42,1,10,4.5,0,0
40,1.76,1,1,6,0,0
40,1.76,1,2,6,0,0
40,1.76,1,3,6,0,0
40,1.76,1,4,6,0,0
40,1.76,1,5,6,0,0
40,1.76,1,6,6,0,0
40,1.76,1,7,6,0,0
40,1.76,1,8,6,0,0
40,1.76,1,9,6,0,0
40,1.76,1,10,6,0,0
40,1.54,1,1,3,0,0
40,1.54,1,2,3,0,0
40,1.54,1,3,3,0,0
40,1.54,1,4,3,0,0
40,1.54,1,5,3,0,0
40,1.54,1,6,3,0,0
40,1.54,1,7,3,0,0
40,1.54,1,8,3,0,0
40,1.54,1,9,3,0,0
40,1.54,1,10,3,0,0
40,1.21,1,1,4.5,0,0
40,1.21,1,2,4.5,0,0
40,1.21,1,3,4.5,0,0
40,1.21,1,4,4.5,0,0
40,1.21,1,5,4.5,0,0
40,1.21,1,6,4.5,0,0
40,1.21,1,7,4.5,0,0
40,1.21,1,8,4.5,0,0
40,1.21,1,9,4.5,0,0
40,1.21,1,10,4.5,0,0
40,0.88,1,1,6,0,0
40,0.88,1,2,6,0,0
40,0.88,1,3,6,0,0
40,0.88,1,4,6,0,0
40,0.88,1,5,6,0,0
40,0.88,1,6,6,0,0
40,0.88,1,7,6,0,0
40,0.88,1,8,6,5E-04,1
40,0.88,1,9,6,0,0
40,0.88,1,10,6,0,0
40,0,1,1,3,0.1975,395
40,0,1,2,3,0.4135,827
40,0,1,3,3,0.2155,431
40,0,1,4,3,0.052,104
40,0,1,5,3,0.36,720
40,0,1,6,3,0.1575,315
40,0,1,7,3,0.0345,69
40,0,1,8,3,0.3845,769
40,0,1,9,3,0.2515,503
40,0,1,10,3,0.8835,1767
40,0,1,1,4.5,0.205,410
40,0,1,2,4.5,0.435,870
40,0,1,3,4.5,0.227,454
40,0,1,4,4.5,0.756,1512
40,0,1,5,4.5,0.1685,337
40,0,1,6,4.5,0.3205,641
40,0,1,7,4.5,0.147,294
40,0,1,8,4.5,0.8235,1647
40,0,1,9,4.5,0.4905,981
40,0,1,10,4.5,0.2595,519
40,0,1,1,6,0.931,1862
40,0,1,2,6,0.1065,213
40,0,1,3,6,0.903,1806
40,0,1,4,6,0.2805,561
40,0,1,5,6,0.582,1164
40,0,1,6,6,0.7395,1479
40,0,1,7,6,0.2575,515
40,0,1,8,6,0.437,874
40,0,1,9,6,0.9535,1907
40,0,1,10,6,0.508,1016
60,7,1,1,3,0,0
60,7,1,2,3,0,0
60,7,1,3,3,0,0
60,7,1,4,3,0,0
60,7,1,5,3,0,0
60,7,1,6,3,0,0
60,7,1,7,3,0,0
60,7,1,8,3,0,0
60,7,1,9,3,0,0
60,7,1,10,3,0,0
60,5.5,1,1,4.5,0,0
60,5.5,1,2,4.5,0,0
60,5.5,1,3,4.5,0,0
60,5.5,1,4,4.5,0,0
60,5.5,1,5,4.5,0,0
60,5.5,1,6,4.5,0,0
60,5.5,1,7,4.5,0,0
60,5.5,1,8,4.5,0,0
60,5.5,1,9,4.5,0,0
60,5.5,1,10,4.5,0,0
60,4,1,1,6,0,0
60,4,1,2,6,0,0
60,4,1,3,6,0,0
60,4,1,4,6,0,0
60,4,1,5,6,0,0
60,4,1,6,6,0,0
60,4,1,7,6,0,0
60,4,1,8,6,0,0
60,4,1,9,6,0,0
60,4,1,10,6,0,0
60,6.23,1,1,3,0,0
60,6.23,1,2,3,0,0
60,6.23,1,3,3,0,0
60,6.23,1,4,3,0,0
60,6.23,1,5,3,0,0
60,6.23,1,6,3,0,0
60,6.23,1,7,3,0,0
60,6.23,1,8,3,0,0
60,6.23,1,9,3,0,0
60,6.23,1,10,3,0,0
60,4.895,1,1,4.5,0,0
60,4.895,1,2,4.5,0,0
60,4.895,1,3,4.5,0,0
60,4.895,1,4,4.5,0,0
60,4.895,1,5,4.5,0,0
60,4.895,1,6,4.5,0,0
60,4.895,1,7,4.5,0,0
60,4.895,1,8,4.5,0,0
60,4.895,1,9,4.5,0,0
60,4.895,1,10,4.5,0,0
60,3.56,1,1,6,0,0
60,3.56,1,2,6,0,0
60,3.56,1,3,6,0,0
60,3.56,1,4,6,0,0
60,3.56,1,5,6,0,0
60,3.56,1,6,6,0,0
60,3.56,1,7,6,0,0
60,3.56,1,8,6,0,0
60,3.56,1,9,6,0,0
60,3.56,1,10,6,0,0
60,4.69,1,1,3,0,0
60,4.69,1,2,3,0,0
60,4.69,1,3,3,0,0
60,4.69,1,4,3,0,0
60,4.69,1,5,3,0,0
60,4.69,1,6,3,0,0
60,4.69,1,7,3,0,0
60,4.69,1,8,3,0,0
60,4.69,1,9,3,0,0
60,4.69,1,10,3,0,0
60,3.685,1,1,4.5,0,0
60,3.685,1,2,4.5,0,0
60,3.685,1,3,4.5,0,0
60,3.685,1,4,4.5,0,0
60,3.685,1,5,4.5,0,0
60,3.685,1,6,4.5,0,0
60,3.685,1,7,4.5,0,0
60,3.685,1,8,4.5,0,0
60,3.685,1,9,4.5,0,0
60,3.685,1,10,4.5,0,0
60,2.68,1,1,6,0,0
60,2.68,1,2,6,0,0
60,2.68,1,3,6,0,0
60,2.68,1,4,6,0,0
60,2.68,1,5,6,0,0
60,2.68,1,6,6,0,0
60,2.68,1,7,6,0,0
60,2.68,1,8,6,0,0
60,2.68,1,9,6,0,0
60,2.68,1,10,6,0,0
60,3.08,1,1,3,0,0
60,3.08,1,2,3,0,0
60,3.08,1,3,3,0,0
60,3.08,1,4,3,0,0
60,3.08,1,5,3,0,0
60,3.08,1,6,3,0,0
60,3.08,1,7,3,0,0
60,3.08,1,8,3,0,0
60,3.08,1,9,3,0,0
60,3.08,1,10,3,0,0
60,2.42,1,1,4.5,0,0
60,2.42,1,2,4.5,0,0
60,2.42,1,3,4.5,0,0
60,2.42,1,4,4.5,0,0
60,2.42,1,5,4.5,0,0
60,2.42,1,6,4.5,0,0
60,2.42,1,7,4.5,0,0
60,2.42,1,8,4.5,0,0
60,2.42,1,9,4.5,0,0
60,2.42,1,10,4.5,0,0
60,1.76,1,1,6,0,0
60,1.76,1,2,6,0,0
60,1.76,1,3,6,0,0
60,1.76,1,4,6,0,0
60,1.76,1,5,6,0,0
60,1.76,1,6,6,0,0
60,1.76,1,7,6,0,0
60,1.76,1,8,6,0,0
60,1.76,1,9,6,0,0
60,1.76,1,10,6,0,0
60,1.54,1,1,3,0,0
60,1.54,1,2,3,0,0
60,1.54,1,3,3,0,0
60,1.54,1,4,3,0,0
60,1.54,1,5,3,0,0
60,1.54,1,6,3,0,0
60,1.54,1,7,3,0,0
60,1.54,1,8,3,0,0
60,1.54,1,9,3,0,0
60,1.54,1,10,3,0,0
60,1.21,1,1,4.5,0,0
60,1.21,1,2,4.5,0,0
60,1.21,1,3,4.5,0,0
60,1.21,1,4,4.5,0,0
60,1.21,1,5,4.5,0,0
60,1.21,1,6,4.5,0,0
60,1.21,1,7,4.5,0,0
60,1.21,1,8,4.5,0,0
60,1.21,1,9,4.5,0,0
60,1.21,1,10,4.5,0,0
60,0.88,1,1,6,0,0
60,0.88,1,2,6,0,0
60,0.88,1,3,6,0,0
60,0.88,1,4,6,0,0
60,0.88,1,5,6,0,0
60,0.88,1,6,6,0,0
60,0.88,1,7,6,0,0
60,0.88,1,8,6,0,0
60,0.88,1,9,6,0,0
60,0.88,1,10,6,0,0
60,0,1,1,3,0.0435,87
60,0,1,2,3,0.0555,111
60,0,1,3,3,0.5805,1161
60,0,1,4,3,0.3225,645
60,0,1,5,3,0.4065,813
60,0,1,6,3,0.2415,483
60,0,1,7,3,0.319,638
60,0,1,8,3,0.13,260
60,0,1,9,3,0.122,244
60,0,1,10,3,0.593,1186
60,0,1,1,4.5,0.0245,49
60,0,1,2,4.5,0.0655,131
60,0,1,3,4.5,0.0295,59
60,0,1,4,4.5,0.1785,357
60,0,1,5,4.5,0.2645,529
60,0,1,6,4.5,0.3105,621
60,0,1,7,4.5,0.136,272
60,0,1,8,4.5,0.2555,511
60,0,1,9,4.5,0.755,1510
60,0,1,10,4.5,0.0055,11
60,0,1,1,6,0.3125,625
60,0,1,2,6,0.367,734
60,0,1,3,6,0.251,502
60,0,1,4,6,0.2635,527
60,0,1,5,6,0.313,626
60,0,1,6,6,0.6335,1267
60,0,1,7,6,0.906,1812
60,0,1,8,6,0.0495,99
60,0,1,9,6,0.276,552
60,0,1,10,6,0.1025,205
10,7,2,1,3,0,0
10,7,2,2,3,0,0
10,7,2,3,3,0,0
10,7,2,4,3,0,0
10,7,2,5,3,0,0
10,7,2,6,3,0,0
10,7,2,7,3,0,0
10,7,2,8,3,0,0
10,7,2,9,3,0,0
10,7,2,10,3,0,0
10,5.5,2,1,4.5,0,0
10,5.5,2,2,4.5,0,0
10,5.5,2,3,4.5,0,0
10,5.5,2,4,4.5,0,0
10,5.5,2,5,4.5,0,0
10,5.5,2,6,4.5,0,0
10,5.5,2,7,4.5,0,0
10,5.5,2,8,4.5,0,0
10,5.5,2,9,4.5,0,0
10,5.5,2,10,4.5,0,0
10,4,2,1,6,0,0
10,4,2,2,6,0,0
10,4,2,3,6,0,0
10,4,2,4,6,0,0
10,4,2,5,6,0,0
10,4,2,6,6,0,0
10,4,2,7,6,0,0
10,4,2,8,6,0,0
10,4,2,9,6,0,0
10,4,2,10,6,0.0095,19
10,6.23,2,1,3,0,0
10,6.23,2,2,3,0,0
10,6.23,2,3,3,0,0
10,6.23,2,4,3,0,0
10,6.23,2,5,3,0,0
10,6.23,2,6,3,0,0
10,6.23,2,7,3,0,0
10,6.23,2,8,3,0,0
10,6.23,2,9,3,0,0
10,6.23,2,10,3,0,0
10,4.895,2,1,4.5,0,0
10,4.895,2,2,4.5,0,0
10,4.895,2,3,4.5,0,0
10,4.895,2,4,4.5,0,0
10,4.895,2,5,4.5,0,0
10,4.895,2,6,4.5,0,0
10,4.895,2,7,4.5,0,0
10,4.895,2,8,4.5,0,0
10,4.895,2,9,4.5,0,0
10,4.895,2,10,4.5,0,0
10,3.56,2,1,6,0.004,8
10,3.56,2,2,6,0,0
10,3.56,2,3,6,0.003,6
10,3.56,2,4,6,0,0
10,3.56,2,5,6,0,0
10,3.56,2,6,6,0,0
10,3.56,2,7,6,0,0
10,3.56,2,8,6,0,0
10,3.56,2,9,6,0,0
10,3.56,2,10,6,0,0
10,4.69,2,1,3,0,0
10,4.69,2,2,3,0,0
10,4.69,2,3,3,0,0
10,4.69,2,4,3,0,0
10,4.69,2,5,3,0,0
10,4.69,2,6,3,0,0
10,4.69,2,7,3,0,0
10,4.69,2,8,3,0,0
10,4.69,2,9,3,0,0
10,4.69,2,10,3,0,0
10,3.685,2,1,4.5,0,0
10,3.685,2,2,4.5,0,0
10,3.685,2,3,4.5,0,0
10,3.685,2,4,4.5,5E-04,1
10,3.685,2,5,4.5,0,0
10,3.685,2,6,4.5,0,0
10,3.685,2,7,4.5,0.0035,7
10,3.685,2,8,4.5,0,0
10,3.685,2,9,4.5,0,0
10,3.685,2,10,4.5,0.001,2
10,2.68,2,1,6,0,0
10,2.68,2,2,6,0.01,20
10,2.68,2,3,6,0.05,100
10,2.68,2,4,6,0,0
10,2.68,2,5,6,0,0
10,2.68,2,6,6,5E-04,1
10,2.68,2,7,6,0.057,114
10,2.68,2,8,6,0,0
10,2.68,2,9,6,0,0
10,2.68,2,10,6,0,0
10,3.08,2,1,3,0,0
10,3.08,2,2,3,0,0
10,3.08,2,3,3,0.001,2
10,3.08,2,4,3,0.001,2
10,3.08,2,5,3,0,0
10,3.08,2,6,3,0.0045,9
10,3.08,2,7,3,0,0
10,3.08,2,8,3,0.0015,3
10,3.08,2,9,3,0,0
10,3.08,2,10,3,0.002,4
10,2.42,2,1,4.5,0,0
10,2.42,2,2,4.5,0.0065,13
10,2.42,2,3,4.5,0.0185,37
10,2.42,2,4,4.5,0.052,104
10,2.42,2,5,4.5,5E-04,1
10,2.42,2,6,4.5,0,0
10,2.42,2,7,4.5,0,0
10,2.42,2,8,4.5,0.035,70
10,2.42,2,9,4.5,0.002,4
10,2.42,2,10,4.5,5E-04,1
10,1.76,2,1,6,0.0425,85
10,1.76,2,2,6,0.012,24
10,1.76,2,3,6,0.013,26
10,1.76,2,4,6,0.0415,83
10,1.76,2,5,6,0.011,22
10,1.76,2,6,6,0.005,10
10,1.76,2,7,6,0.074,148
10,1.76,2,8,6,0.0145,29
10,1.76,2,9,6,0.0065,13
10,1.76,2,10,6,0.011,22
10,1.54,2,1,3,0.057,114
10,1.54,2,2,3,0.0965,193
10,1.54,2,3,3,0,0
10,1.54,2,4,3,0.0065,13
10,1.54,2,5,3,0.005,10
10,1.54,2,6,3,0,0
10,1.54,2,7,3,0.0265,53
10,1.54,2,8,3,0.027,54
10,1.54,2,9,3,0.0305,61
10,1.54,2,10,3,0.0755,151
10,1.21,2,1,4.5,0.004,8
10,1.21,2,2,4.5,0.066,132
10,1.21,2,3,4.5,0.028,56
10,1.21,2,4,4.5,0.069,138
10,1.21,2,5,4.5,0.379,758
10,1.21,2,6,4.5,0.2895,579
10,1.21,2,7,4.5,0.0305,61
10,1.21,2,8,4.5,0.479,958
10,1.21,2,9,4.5,0.0115,23
10,1.21,2,10,4.5,0.04,80
10,0.88,2,1,6,0.1665,333
10,0.88,2,2,6,0.1165,233
10,0.88,2,3,6,0.1355,271
10,0.88,2,4,6,0.0245,49
10,0.88,2,5,6,0.0165,33
10,0.88,2,6,6,0.1875,375
10,0.88,2,7,6,0.2765,553
10,0.88,2,8,6,0.0575,115
10,0.88,2,9,6,0.7055,1411
10,0.88,2,10,6,0.2655,531
10,0,2,1,3,0.4065,813
10,0,2,2,3,0.5915,1183
10,0,2,3,3,0.3595,719
10,0,2,4,3,0.179,358
10,0,2,5,3,0.2455,491
10,0,2,6,3,0.2945,589
10,0,2,7,3,0.4845,969
10,0,2,8,3,0.3355,671
10,0,2,9,3,0.4575,915
10,0,2,10,3,0.056,112
10,0,2,1,4.5,0.4015,803
10,0,2,2,4.5,0.038,76
10,0,2,3,4.5,0.724,1448
10,0,2,4,4.5,0.57,1140
10,0,2,5,4.5,0.1585,317
10,0,2,6,4.5,0.3235,647
10,0,2,7,4.5,0.907,1814
10,0,2,8,4.5,0.5275,1055
10,0,2,9,4.5,0.7585,1517
10,0,2,10,4.5,0.3315,663
10,0,2,1,6,0.397,794
10,0,2,2,6,0.155,310
10,0,2,3,6,0.0715,143
10,0,2,4,6,0.493,986
10,0,2,5,6,0.44,880
10,0,2,6,6,0.274,548
10,0,2,7,6,0.8975,1795
10,0,2,8,6,0.8125,1625
10,0,2,9,6,0.4435,887
10,0,2,10,6,0.6805,1361
20,7,2,1,3,0,0
20,7,2,2,3,0,0
20,7,2,3,3,0,0
20,7,2,4,3,0,0
20,7,2,5,3,0,0
20,7,2,6,3,0,0
20,7,2,7,3,0,0
20,7,2,8,3,0,0
20,7,2,9,3,0,0
20,7,2,10,3,0,0
20,5.5,2,1,4.5,0,0
20,5.5,2,2,4.5,0,0
20,5.5,2,3,4.5,0,0
20,5.5,2,4,4.5,0,0
20,5.5,2,5,4.5,0,0
20,5.5,2,6,4.5,0,0
20,5.5,2,7,4.5,0,0
20,5.5,2,8,4.5,0,0
20,5.5,2,9,4.5,0,0
20,5.5,2,10,4.5,0,0
20,4,2,1,6,0,0
20,4,2,2,6,0,0
20,4,2,3,6,0,0
20,4,2,4,6,0,0
20,4,2,5,6,0,0
20,4,2,6,6,0,0
20,4,2,7,6,0,0
20,4,2,8,6,0,0
20,4,2,9,6,0,0
20,4,2,10,6,0,0
20,6.23,2,1,3,0,0
20,6.23,2,2,3,0,0
20,6.23,2,3,3,0,0
20,6.23,2,4,3,0,0
20,6.23,2,5,3,0,0
20,6.23,2,6,3,0,0
20,6.23,2,7,3,0,0
20,6.23,2,8,3,0,0
20,6.23,2,9,3,0,0
20,6.23,2,10,3,0,0
20,4.895,2,1,4.5,0,0
20,4.895,2,2,4.5,0,0
20,4.895,2,3,4.5,0,0
20,4.895,2,4,4.5,0,0
20,4.895,2,5,4.5,0,0
20,4.895,2,6,4.5,0,0
20,4.895,2,7,4.5,0,0
20,4.895,2,8,4.5,0,0
20,4.895,2,9,4.5,0,0
20,4.895,2,10,4.5,0,0
20,3.56,2,1,6,0,0
20,3.56,2,2,6,0,0
20,3.56,2,3,6,0,0
20,3.56,2,4,6,0,0
20,3.56,2,5,6,0,0
20,3.56,2,6,6,0,0
20,3.56,2,7,6,0,0
20,3.56,2,8,6,0,0
20,3.56,2,9,6,0,0
20,3.56,2,10,6,0,0
20,4.69,2,1,3,0,0
20,4.69,2,2,3,0,0
20,4.69,2,3,3,0,0
20,4.69,2,4,3,0,0
20,4.69,2,5,3,0,0
20,4.69,2,6,3,0,0
20,4.69,2,7,3,0,0
20,4.69,2,8,3,0,0
20,4.69,2,9,3,0,0
20,4.69,2,10,3,0,0
20,3.685,2,1,4.5,0,0
20,3.685,2,2,4.5,0,0
20,3.685,2,3,4.5,0,0
20,3.685,2,4,4.5,0,0
20,3.685,2,5,4.5,0,0
20,3.685,2,6,4.5,0,0
20,3.685,2,7,4.5,0,0
20,3.685,2,8,4.5,0,0
20,3.685,2,9,4.5,0,0
20,3.685,2,10,4.5,0,0
20,2.68,2,1,6,0,0
20,2.68,2,2,6,0,0
20,2.68,2,3,6,0,0
20,2.68,2,4,6,0,0
20,2.68,2,5,6,0,0
20,2.68,2,6,6,0,0
20,2.68,2,7,6,0,0
20,2.68,2,8,6,0,0
20,2.68,2,9,6,0.0195,39
20,2.68,2,10,6,0,0
20,3.08,2,1,3,0,0
20,3.08,2,2,3,0,0
20,3.08,2,3,3,0,0
20,3.08,2,4,3,0,0
20,3.08,2,5,3,0,0
20,3.08,2,6,3,0,0
20,3.08,2,7,3,0,0
20,3.08,2,8,3,0,0
20,3.08,2,9,3,0,0
20,3.08,2,10,3,0,0
20,2.42,2,1,4.5,0,0
20,2.42,2,2,4.5,0,0
20,2.42,2,3,4.5,0.003,6
20,2.42,2,4,4.5,0,0
20,2.42,2,5,4.5,0,0
20,2.42,2,6,4.5,0,0
20,2.42,2,7,4.5,0,0
20,2.42,2,8,4.5,0,0
20,2.42,2,9,4.5,0,0
20,2.42,2,10,4.5,0,0
20,1.76,2,1,6,5E-04,1
20,1.76,2,2,6,0.0075,15
20,1.76,2,3,6,0,0
20,1.76,2,4,6,0,0
20,1.76,2,5,6,0,0
20,1.76,2,6,6,0.0015,3
20,1.76,2,7,6,5E-04,1
20,1.76,2,8,6,0,0
20,1.76,2,9,6,0,0
20,1.76,2,10,6,0.0145,29
20,1.54,2,1,3,0,0
20,1.54,2,2,3,0,0
20,1.54,2,3,3,5E-04,1
20,1.54,2,4,3,0.016,32
20,1.54,2,5,3,5E-04,1
20,1.54,2,6,3,0.001,2
20,1.54,2,7,3,0,0
20,1.54,2,8,3,5E-04,1
20,1.54,2,9,3,0.009,18
20,1.54,2,10,3,0,0
20,1.21,2,1,4.5,0,0
20,1.21,2,2,4.5,0.003,6
20,1.21,2,3,4.5,0.0015,3
20,1.21,2,4,4.5,0.0025,5
20,1.21,2,5,4.5,0,0
20,1.21,2,6,4.5,0.003,6
20,1.21,2,7,4.5,0,0
20,1.21,2,8,4.5,0,0
20,1.21,2,9,4.5,5E-04,1
20,1.21,2,10,4.5,0.417,834
20,0.88,2,1,6,0.238,476
20,0.88,2,2,6,0.232,464
20,0.88,2,3,6,0.003,6
20,0.88,2,4,6,0.0065,13
20,0.88,2,5,6,0.0915,183
20,0.88,2,6,6,0.015,30
20,0.88,2,7,6,0.0225,45
20,0.88,2,8,6,0,0
20,0.88,2,9,6,0.0055,11
20,0.88,2,10,6,0.0055,11
20,0,2,1,3,0.0195,39
20,0,2,2,3,0.139,278
20,0,2,3,3,0.663,1326
20,0,2,4,3,0.266,532
20,0,2,5,3,0.251,502
20,0,2,6,3,0.075,150
20,0,2,7,3,0.148,296
20,0,2,8,3,0.016,32
20,0,2,9,3,0.088,176
20,0,2,10,3,0.42,840
20,0,2,1,4.5,0.5465,1093
20,0,2,2,4.5,0.4135,827
20,0,2,3,4.5,0.8615,1723
20,0,2,4,4.5,0.403,806
20,0,2,5,4.5,0.8485,1697
20,0,2,6,4.5,0.1215,243
20,0,2,7,4.5,0.92,1840
20,0,2,8,4.5,0.7945,1589
20,0,2,9,4.5,0.58,1160
20,0,2,10,4.5,0.833,1666
20,0,2,1,6,0.5275,1055
20,0,2,2,6,0.6495,1299
20,0,2,3,6,0.904,1808
20,0,2,4,6,0.3255,651
20,0,2,5,6,0.657,1314
20,0,2,6,6,0.2655,531
20,0,2,7,6,0.7805,1561
20,0,2,8,6,0.6745,1349
20,0,2,9,6,0.507,1014
20,0,2,10,6,0.6415,1283
30,7,2,1,3,0,0
30,7,2,2,3,0,0
30,7,2,3,3,0,0
30,7,2,4,3,0,0
30,7,2,5,3,0,0
30,7,2,6,3,0,0
30,7,2,7,3,0,0
30,7,2,8,3,0,0
30,7,2,9,3,0,0
30,7,2,10,3,0,0
30,5.5,2,1,4.5,0,0
30,5.5,2,2,4.5,0,0
30,5.5,2,3,4.5,0,0
30,5.5,2,4,4.5,0,0
30,5.5,2,5,4.5,0,0
30,5.5,2,6,4.5,0,0
30,5.5,2,7,4.5,0,0
30,5.5,2,8,4.5,0,0
30,5.5,2,9,4.5,0,0
30,5.5,2,10,4.5,0,0
30,4,2,1,6,0,0
30,4,2,2,6,0,0
30,4,2,3,6,0,0
30,4,2,4,6,0,0
30,4,2,5,6,0,0
30,4,2,6,6,0,0
30,4,2,7,6,0,0
30,4,2,8,6,0,0
30,4,2,9,6,0,0
30,4,2,10,6,0,0
30,6.23,2,1,3,0,0
30,6.23,2,2,3,0,0
30,6.23,2,3,3,0,0
30,6.23,2,4,3,0,0
30,6.23,2,5,3,0,0
30,6.23,2,6,3,0,0
30,6.23,2,7,3,0,0
30,6.23,2,8,3,0,0
30,6.23,2,9,3,0,0
30,6.23,2,10,3,0,0
30,4.895,2,1,4.5,0,0
30,4.895,2,2,4.5,0,0
30,4.895,2,3,4.5,0,0
30,4.895,2,4,4.5,0,0
30,4.895,2,5,4.5,0,0
30,4.895,2,6,4.5,0,0
30,4.895,2,7,4.5,0,0
30,4.895,2,8,4.5,0,0
30,4.895,2,9,4.5,0,0
30,4.895,2,10,4.5,0,0
30,3.56,2,1,6,0,0
30,3.56,2,2,6,0,0
30,3.56,2,3,6,0,0
30,3.56,2,4,6,0,0
30,3.56,2,5,6,0,0
30,3.56,2,6,6,0,0
30,3.56,2,7,6,0,0
30,3.56,2,8,6,0,0
30,3.56,2,9,6,0,0
30,3.56,2,10,6,0,0
30,4.69,2,1,3,0,0
30,4.69,2,2,3,0,0
30,4.69,2,3,3,0,0
30,4.69,2,4,3,0,0
30,4.69,2,5,3,0,0
30,4.69,2,6,3,0,0
30,4.69,2,7,3,0,0
30,4.69,2,8,3,0,0
30,4.69,2,9,3,0,0
30,4.69,2,10,3,0,0
30,3.685,2,1,4.5,0,0
30,3.685,2,2,4.5,0,0
30,3.685,2,3,4.5,0,0
30,3.685,2,4,4.5,0,0
30,3.685,2,5,4.5,0,0
30,3.685,2,6,4.5,0,0
30,3.685,2,7,4.5,0,0
30,3.685,2,8,4.5,0,0
30,3.685,2,9,4.5,0,0
30,3.685,2,10,4.5,0,0
30,2.68,2,1,6,0,0
30,2.68,2,2,6,0,0
30,2.68,2,3,6,0,0
30,2.68,2,4,6,0,0
30,2.68,2,5,6,0,0
30,2.68,2,6,6,0,0
30,2.68,2,7,6,0,0
30,2.68,2,8,6,0,0
30,2.68,2,9,6,0,0
30,2.68,2,10,6,0,0
30,3.08,2,1,3,0,0
30,3.08,2,2,3,0,0
30,3.08,2,3,3,0,0
30,3.08,2,4,3,0,0
30,3.08,2,5,3,0,0
30,3.08,2,6,3,0,0
30,3.08,2,7,3,0,0
30,3.08,2,8,3,0,0
30,3.08,2,9,3,0,0
30,3.08,2,10,3,0,0
30,2.42,2,1,4.5,0,0
30,2.42,2,2,4.5,0,0
30,2.42,2,3,4.5,0.003,6
30,2.42,2,4,4.5,0,0
30,2.42,2,5,4.5,0,0
30,2.42,2,6,4.5,0,0
30,2.42,2,7,4.5,0,0
30,2.42,2,8,4.5,0,0
30,2.42,2,9,4.5,0,0
30,2.42,2,10,4.5,0,0
30,1.76,2,1,6,0.001,2
30,1.76,2,2,6,0.0195,39
30,1.76,2,3,6,0,0
30,1.76,2,4,6,0,0
30,1.76,2,5,6,0.018,36
30,1.76,2,6,6,0.004,8
30,1.76,2,7,6,0,0
30,1.76,2,8,6,0,0
30,1.76,2,9,6,0,0
30,1.76,2,10,6,0,0
30,1.54,2,1,3,0,0
30,1.54,2,2,3,5E-04,1
30,1.54,2,3,3,5E-04,1
30,1.54,2,4,3,0,0
30,1.54,2,5,3,0,0
30,1.54,2,6,3,0,0
30,1.54,2,7,3,0,0
30,1.54,2,8,3,0.001,2
30,1.54,2,9,3,0,0
30,1.54,2,10,3,0.001,2
30,1.21,2,1,4.5,5E-04,1
30,1.21,2,2,4.5,0.005,10
30,1.21,2,3,4.5,0,0
30,1.21,2,4,4.5,0,0
30,1.21,2,5,4.5,0,0
30,1.21,2,6,4.5,0.001,2
30,1.21,2,7,4.5,0,0
30,1.21,2,8,4.5,0.01,20
30,1.21,2,9,4.5,0,0
30,1.21,2,10,4.5,0.003,6
30,0.88,2,1,6,0.019,38
30,0.88,2,2,6,0,0
30,0.88,2,3,6,0,0
30,0.88,2,4,6,0.0065,13
30,0.88,2,5,6,0.0065,13
30,0.88,2,6,6,0.005,10
30,0.88,2,7,6,0.0965,193
30,0.88,2,8,6,0.2685,537
30,0.88,2,9,6,0.038,76
30,0.88,2,10,6,0.01,20
30,0,2,1,3,0.247,494
30,0,2,2,3,0.244,488
30,0,2,3,3,0.006,12
30,0,2,4,3,0.003,6
30,0,2,5,3,0.7465,1493
30,0,2,6,3,0.011,22
30,0,2,7,3,0.8585,1717
30,0,2,8,3,0.2625,525
30,0,2,9,3,0.0165,33
30,0,2,10,3,0.0655,131
30,0,2,1,4.5,0.5185,1037
30,0,2,2,4.5,0.125,250
30,0,2,3,4.5,0.233,466
30,0,2,4,4.5,0.032,64
30,0,2,5,4.5,0.2335,467
30,0,2,6,4.5,0.1065,213
30,0,2,7,4.5,0.8635,1727
30,0,2,8,4.5,0.73,1460
30,0,2,9,4.5,0.385,770
30,0,2,10,4.5,0.3,600
30,0,2,1,6,0.4365,873
30,0,2,2,6,0.0245,49
30,0,2,3,6,0.5985,1197
30,0,2,4,6,0.466,932
30,0,2,5,6,0.964,1928
30,0,2,6,6,0.4205,841
30,0,2,7,6,0.112,224
30,0,2,8,6,0.3575,715
30,0,2,9,6,0.7615,1523
30,0,2,10,6,0.913,1826
40,7,2,1,3,0,0
40,7,2,2,3,0,0
40,7,2,3,3,0,0
40,7,2,4,3,0,0
40,7,2,5,3,0,0
40,7,2,6,3,0,0
40,7,2,7,3,0,0
40,7,2,8,3,0,0
40,7,2,9,3,0,0
40,7,2,10,3,0,0
40,5.5,2,1,4.5,0,0
40,5.5,2,2,4.5,0,0
40,5.5,2,3,4.5,0,0
40,5.5,2,4,4.5,0,0
40,5.5,2,5,4.5,0,0
40,5.5,2,6,4.5,0,0
40,5.5,2,7,4.5,0,0
40,5.5,2,8,4.5,0,0
40,5.5,2,9,4.5,0,0
40,5.5,2,10,4.5,0,0
40,4,2,1,6,0,0
40,4,2,2,6,0,0
40,4,2,3,6,0,0
40,4,2,4,6,0,0
40,4,2,5,6,0,0
40,4,2,6,6,0,0
40,4,2,7,6,0,0
40,4,2,8,6,0,0
40,4,2,9,6,0,0
40,4,2,10,6,0,0
40,6.23,2,1,3,0,0
40,6.23,2,2,3,0,0
40,6.23,2,3,3,0,0
40,6.23,2,4,3,0,0
40,6.23,2,5,3,0,0
40,6.23,2,6,3,0,0
40,6.23,2,7,3,0,0
40,6.23,2,8,3,0,0
40,6.23,2,9,3,0,0
40,6.23,2,10,3,0,0
40,4.895,2,1,4.5,0,0
40,4.895,2,2,4.5,0,0
40,4.895,2,3,4.5,0,0
40,4.895,2,4,4.5,0,0
40,4.895,2,5,4.5,0,0
40,4.895,2,6,4.5,0,0
40,4.895,2,7,4.5,0,0
40,4.895,2,8,4.5,0,0
40,4.895,2,9,4.5,0,0
40,4.895,2,10,4.5,0,0
40,3.56,2,1,6,0,0
40,3.56,2,2,6,0,0
40,3.56,2,3,6,0,0
40,3.56,2,4,6,0,0
40,3.56,2,5,6,0,0
40,3.56,2,6,6,0,0
40,3.56,2,7,6,0,0
40,3.56,2,8,6,0,0
40,3.56,2,9,6,0,0
40,3.56,2,10,6,0,0
40,4.69,2,1,3,0,0
40,4.69,2,2,3,0,0
40,4.69,2,3,3,0,0
40,4.69,2,4,3,0,0
40,4.69,2,5,3,0,0
40,4.69,2,6,3,0,0
40,4.69,2,7,3,0,0
40,4.69,2,8,3,0,0
40,4.69,2,9,3,0,0
40,4.69,2,10,3,0,0
40,3.685,2,1,4.5,0,0
40,3.685,2,2,4.5,0,0
40,3.685,2,3,4.5,0,0
40,3.685,2,4,4.5,0,0
40,3.685,2,5,4.5,0,0
40,3.685,2,6,4.5,0,0
40,3.685,2,7,4.5,0,0
40,3.685,2,8,4.5,0,0
40,3.685,2,9,4.5,0,0
40,3.685,2,10,4.5,0,0
40,2.68,2,1,6,0,0
40,2.68,2,2,6,0,0
40,2.68,2,3,6,0,0
40,2.68,2,4,6,0,0
40,2.68,2,5,6,0,0
40,2.68,2,6,6,0,0
40,2.68,2,7,6,0,0
40,2.68,2,8,6,0,0
40,2.68,2,9,6,0,0
40,2.68,2,10,6,0,0
40,3.08,2,1,3,0,0
40,3.08,2,2,3,0,0
40,3.08,2,3,3,0,0
40,3.08,2,4,3,0,0
40,3.08,2,5,3,0,0
40,3.08,2,6,3,0,0
40,3.08,2,7,3,0,0
40,3.08,2,8,3,0,0
40,3.08,2,9,3,0,0
40,3.08,2,10,3,0,0
40,2.42,2,1,4.5,0,0
40,2.42,2,2,4.5,0,0
40,2.42,2,3,4.5,0,0
40,2.42,2,4,4.5,0,0
40,2.42,2,5,4.5,0,0
40,2.42,2,6,4.5,0,0
40,2.42,2,7,4.5,0,0
40,2.42,2,8,4.5,0,0
40,2.42,2,9,4.5,0,0
40,2.42,2,10,4.5,0,0
40,1.76,2,1,6,0,0
40,1.76,2,2,6,0,0
40,1.76,2,3,6,0,0
40,1.76,2,4,6,0,0
40,1.76,2,5,6,0,0
40,1.76,2,6,6,0,0
40,1.76,2,7,6,0,0
40,1.76,2,8,6,0,0
40,1.76,2,9,6,0,0
40,1.76,2,10,6,0,0
40,1.54,2,1,3,0,0
40,1.54,2,2,3,0,0
40,1.54,2,3,3,0,0
40,1.54,2,4,3,0,0
40,1.54,2,5,3,0,0
40,1.54,2,6,3,0,0
40,1.54,2,7,3,0,0
40,1.54,2,8,3,0,0
40,1.54,2,9,3,0,0
40,1.54,2,10,3,0,0
40,1.21,2,1,4.5,5E-04,1
40,1.21,2,2,4.5,0.0125,25
40,1.21,2,3,4.5,0.001,2
40,1.21,2,4,4.5,0,0
40,1.21,2,5,4.5,0,0
40,1.21,2,6,4.5,5E-04,1
40,1.21,2,7,4.5,0.001,2
40,1.21,2,8,4.5,0,0
40,1.21,2,9,4.5,0,0
40,1.21,2,10,4.5,0.001,2
40,0.88,2,1,6,0.002,4
40,0.88,2,2,6,5E-04,1
40,0.88,2,3,6,0.0035,7
40,0.88,2,4,6,0,0
40,0.88,2,5,6,0.058,116
40,0.88,2,6,6,0.01,20
40,0.88,2,7,6,0.0025,5
40,0.88,2,8,6,0.0015,3
40,0.88,2,9,6,0.0095,19
40,0.88,2,10,6,5E-04,1
40,0,2,1,3,0.0415,83
40,0,2,2,3,0.0555,111
40,0,2,3,3,0.1355,271
40,0,2,4,3,0.395,790
40,0,2,5,3,0.0375,75
40,0,2,6,3,0.2395,479
40,0,2,7,3,0.624,1248
40,0,2,8,3,0.01,20
40,0,2,9,3,0.0825,165
40,0,2,10,3,0.002,4
40,0,2,1,4.5,0.666,1332
40,0,2,2,4.5,0.631,1262
40,0,2,3,4.5,0.6265,1253
40,0,2,4,4.5,0.221,442
40,0,2,5,4.5,0.511,1022
40,0,2,6,4.5,0.0295,59
40,0,2,7,4.5,0.396,792
40,0,2,8,4.5,0.7525,1505
40,0,2,9,4.5,0.384,768
40,0,2,10,4.5,0.9335,1867
40,0,2,1,6,0.876,1752
40,0,2,2,6,0.4085,817
40,0,2,3,6,0.79,1580
40,0,2,4,6,0.1975,395
40,0,2,5,6,0.965,1930
40,0,2,6,6,0.572,1144
40,0,2,7,6,0.2495,499
40,0,2,8,6,0.055,110
40,0,2,9,6,0.416,832
40,0,2,10,6,0.7645,1529
60,7,2,1,3,0,0
60,7,2,2,3,0,0
60,7,2,3,3,0,0
60,7,2,4,3,0,0
60,7,2,5,3,0,0
60,7,2,6,3,0,0
60,7,2,7,3,0,0
60,7,2,8,3,0,0
60,7,2,9,3,0,0
60,7,2,10,3,0,0
60,5.5,2,1,4.5,0,0
60,5.5,2,2,4.5,0,0
60,5.5,2,3,4.5,0,0
60,5.5,2,4,4.5,0,0
60,5.5,2,5,4.5,0,0
60,5.5,2,6,4.5,0,0
60,5.5,2,7,4.5,0,0
60,5.5,2,8,4.5,0,0
60,5.5,2,9,4.5,0,0
60,5.5,2,10,4.5,0,0
60,4,2,1,6,0,0
60,4,2,2,6,0,0
60,4,2,3,6,0,0
60,4,2,4,6,0,0
60,4,2,5,6,0,0
60,4,2,6,6,0,0
60,4,2,7,6,0,0
60,4,2,8,6,0,0
60,4,2,9,6,0,0
60,4,2,10,6,0,0
60,6.23,2,1,3,0,0
60,6.23,2,2,3,0,0
60,6.23,2,3,3,0,0
60,6.23,2,4,3,0,0
60,6.23,2,5,3,0,0
60,6.23,2,6,3,0,0
60,6.23,2,7,3,0,0
60,6.23,2,8,3,0,0
60,6.23,2,9,3,0,0
60,6.23,2,10,3,0,0
60,4.895,2,1,4.5,0,0
60,4.895,2,2,4.5,0,0
60,4.895,2,3,4.5,0,0
60,4.895,2,4,4.5,0,0
60,4.895,2,5,4.5,0,0
60,4.895,2,6,4.5,0,0
60,4.895,2,7,4.5,0,0
60,4.895,2,8,4.5,0,0
60,4.895,2,9,4.5,0,0
60,4.895,2,10,4.5,0,0
60,3.56,2,1,6,0,0
60,3.56,2,2,6,0,0
60,3.56,2,3,6,0,0
60,3.56,2,4,6,0,0
60,3.56,2,5,6,0,0
60,3.56,2,6,6,0,0
60,3.56,2,7,6,0,0
60,3.56,2,8,6,0,0
60,3.56,2,9,6,0,0
60,3.56,2,10,6,0,0
60,4.69,2,1,3,0,0
60,4.69,2,2,3,0,0
60,4.69,2,3,3,0,0
60,4.69,2,4,3,0,0
60,4.69,2,5,3,0,0
60,4.69,2,6,3,0,0
60,4.69,2,7,3,0,0
60,4.69,2,8,3,0,0
60,4.69,2,9,3,0,0
60,4.69,2,10,3,0,0
60,3.685,2,1,4.5,0,0
60,3.685,2,2,4.5,0,0
60,3.685,2,3,4.5,0,0
60,3.685,2,4,4.5,0,0
60,3.685,2,5,4.5,0,0
60,3.685,2,6,4.5,0,0
60,3.685,2,7,4.5,0,0
60,3.685,2,8,4.5,0,0
60,3.685,2,9,4.5,0,0
60,3.685,2,10,4.5,0,0
60,2.68,2,1,6,0,0
60,2.68,2,2,6,0,0
60,2.68,2,3,6,0,0
60,2.68,2,4,6,0,0
60,2.68,2,5,6,0,0
60,2.68,2,6,6,0,0
60,2.68,2,7,6,0,0
60,2.68,2,8,6,0,0
60,2.68,2,9,6,0,0
60,2.68,2,10,6,0,0
60,3.08,2,1,3,0,0
60,3.08,2,2,3,0,0
60,3.08,2,3,3,0,0
60,3.08,2,4,3,0,0
60,3.08,2,5,3,0,0
60,3.08,2,6,3,0,0
60,3.08,2,7,3,0,0
60,3.08,2,8,3,0,0
60,3.08,2,9,3,0,0
60,3.08,2,10,3,0,0
60,2.42,2,1,4.5,0,0
60,2.42,2,2,4.5,0,0
60,2.42,2,3,4.5,0,0
60,2.42,2,4,4.5,0,0
60,2.42,2,5,4.5,0,0
60,2.42,2,6,4.5,0,0
60,2.42,2,7,4.5,0,0
60,2.42,2,8,4.5,0,0
60,2.42,2,9,4.5,0,0
60,2.42,2,10,4.5,0,0
60,1.76,2,1,6,0,0
60,1.76,2,2,6,0,0
60,1.76,2,3,6,0,0
60,1.76,2,4,6,0,0
60,1.76,2,5,6,0,0
60,1.76,2,6,6,0,0
60,1.76,2,7,6,0,0
60,1.76,2,8,6,0,0
60,1.76,2,9,6,0,0
60,1.76,2,10,6,0,0
60,1.54,2,1,3,0,0
60,1.54,2,2,3,0,0
60,1.54,2,3,3,0,0
60,1.54,2,4,3,0,0
60,1.54,2,5,3,0,0
60,1.54,2,6,3,0,0
60,1.54,2,7,3,0,0
60,1.54,2,8,3,0,0
60,1.54,2,9,3,0,0
60,1.54,2,10,3,0,0
60,1.21,2,1,4.5,0,0
60,1.21,2,2,4.5,0,0
60,1.21,2,3,4.5,0,0
60,1.21,2,4,4.5,0,0
60,1.21,2,5,4.5,0,0
60,1.21,2,6,4.5,0,0
60,1.21,2,7,4.5,0,0
60,1.21,2,8,4.5,0,0
60,1.21,2,9,4.5,0,0
60,1.21,2,10,4.5,0,0
60,0.88,2,1,6,0,0
60,0.88,2,2,6,0.002,4
60,0.88,2,3,6,0,0
60,0.88,2,4,6,0,0
60,0.88,2,5,6,0,0
60,0.88,2,6,6,5E-04,1
60,0.88,2,7,6,0.001,2
60,0.88,2,8,6,0,0
60,0.88,2,9,6,0,0
60,0.88,2,10,6,0.004,8
60,0,2,1,3,0.3315,663
60,0,2,2,3,0.027,54
60,0,2,3,3,0.002,4
60,0,2,4,3,0.0755,151
60,0,2,5,3,0.682,1364
60,0,2,6,3,0.1125,225
60,0,2,7,3,0.062,124
60,0,2,8,3,0.324,648
60,0,2,9,3,0.169,338
60,0,2,10,3,0.059,118
60,0,2,1,4.5,0.9085,1817
60,0,2,2,4.5,0.073,146
60,0,2,3,4.5,0.5985,1197
60,0,2,4,4.5,0.234,468
60,0,2,5,4.5,0.5075,1015
60,0,2,6,4.5,0.293,586
60,0,2,7,4.5,0.6675,1335
60,0,2,8,4.5,0.353,706
60,0,2,9,4.5,0.288,576
60,0,2,10,4.5,0.6685,1337
60,0,2,1,6,0.9125,1825
60,0,2,2,6,0.892,1784
60,0,2,3,6,0.7105,1421
60,0,2,4,6,0.327,654
60,0,2,5,6,0.2785,557
60,0,2,6,6,0.469,938
60,0,2,7,6,0.652,1304
60,0,2,8,6,0.811,1622
60,0,2,9,6,0.5275,1055
60,0,2,10,6,0.9275,1855